signal_0,signal_1,signal_2
0.4999991686935648+0.000002580545627893418i,0.4435857892576851-0.00037399917485269674i,0.24645356583407338+0.0025610768649129033i
-0.059974002792358316-0.4963871497028759i,-0.05352500187342981-0.44123559322344436i,-0.027696537036534626-0.2441297079000799i
-0.4856104403249749+0.11908548828488719i,-0.43188812242237024+0.1059162250632209i,-0.23988252648580624+0.05803681837338133i
0.17647445483202234+0.4678211024956919i,0.15705902796345997+0.41591566482733217i,0.08573978059567511+0.2324413652965585i
0.44327432693106283-0.23131447299569385i,0.3939646430819926-0.20587906320591065i,0.21969621649920812-0.11169665512473487i
-0.2828168243002099-0.412324929306399i,-0.2511927716700023-0.36617653289974605i,-0.1377001435699947-0.2032290720163622i
-0.37542479820477664+0.3302357105509982i,-0.3326475274544823+0.29248931969586767i,-0.18552238966253695+0.16197181761430424i
0.37288334153410335+0.333103178668113i,0.32948285273760547+0.2941795598812515i,0.181908720192261+0.1655374670206221i
0.28596948119726573-0.41014537718094035i,0.25181067189178374-0.3613594677752745i,0.141402331208978-0.1985544088211956i
-0.4414877085117039-0.23470482356538153i,-0.38725347858474973-0.20603612888024553i,-0.21384369542035403-0.11489381500997536i
-0.18005423239970983+0.46645490775694287i,-0.15726231379445663+0.407011258926041i,-0.088636860623107+0.22620645211412102i
0.48468411907758036+0.12280359392285012i,0.4207373483855472+0.1065415024398526i,0.2332887075809967+0.061739932017877606i
0.06377750374589003-0.4959129419793461i,0.055097228715445125-0.42804500340896695i,0.03248505644945604-0.23636173170128497i
-0.4999838255449868-0.0038292892435162424i,-0.4285232366061857-0.0035590896759498812i,-0.2375547050249983-0.002703544642338685i
0.05617117549046777+0.4968345952867831i,0.04759025465261886+0.42247255278873763i,0.02498917197753431+0.23557512438225056i
0.48650890478782505-0.11536013751917562i,0.4104477887681486-0.09729877684421764i,0.22837955609932534-0.0514621667419807i
-0.17288567684834338-0.4691562873424832i,-0.14441480987196598-0.3925198719865774i,-0.07839519012324248-0.21746670442297153i
-0.44503225667420687+0.2279154237975474i,-0.3687276505887396+0.18842509554438372i,-0.20513719677056041+0.10405882670327576i
0.2796512755938654+0.4144815442571227i,0.22901487080830357+0.3397794798535921i,0.12600491254195292+0.1903643321233325i
0.37794365011507813-0.3273480552093568i,0.30659836973207366-0.26537204804358194i,0.17139684949331654-0.14519911907904948i
-0.37032057896613885-0.33594656671407075i,-0.2966426173409483-0.2696050569234669i,-0.1633857200291196-0.14988428344846688i
-0.2891016535718324+0.40794584681936585i,-0.22915175552217615+0.32263018725980336i,-0.128205279695543+0.17906381841723482i
0.4396778610079632+0.23808187279988385i,0.34336404307712615+0.18618701256166195i,0.1900725525626142+0.10551803536500097i
0.18362208931050333-0.4650595578588337i,0.141810770938091-0.358427202179102i,0.08028172209515409-0.1975467478494316i
-0.4837287178129403-0.1265094067692673i,-0.3673901759951333-0.09659011946066194i,-0.20334768879260876-0.05416809105624297i
-0.06757306931995699+0.4954126158959573i,-0.05097431391033382+0.37046413897565283i,-0.029497497950152253+0.20626628878686268i
0.49994048977695693+0.007661118015021411i,0.3680796151499589+0.005922365252129461i,0.20448228554479733+0.005496162423156386i
-0.05236371794658168-0.49724755292569467i,-0.03752371082995489-0.3602439649314385i,-0.019276398715839773-0.19930275198090439i
-0.4873774963189751+0.11163336466634595i,-0.34694909707737986+0.07887958497696873i,-0.1926902335864983+0.04326739095808804i
0.16928809312218918+0.4704692971776029i,0.11782215339676513+0.32877426601948617i,0.06435415469031373+0.18371592288340377i
0.44676541713925955-0.22449766087715972i,0.3064800376495167-0.15359942528645293i,0.17088029027105242-0.08335364019104145i
-0.2764679877813981-0.41660850191647913i,-0.18543168260334722-0.2804027318123417i,-0.1017038193367317-0.15559719334472383i
-0.3804389972990447+0.3244465430232821i,-0.25083445278069555+0.21309986392475525i,-0.1398518756749371+0.11808386305428525i
0.3677374295471145+0.33877559354532255i,0.23656802582518027+0.2185747377680148i,0.13067305214658717+0.12292177133556419i
0.29221820322358605-0.4057170425364404i,0.18454586742574955-0.25543200124629006i,0.1035512156442926-0.14040078566713757i
-0.43784088758126966-0.2414396119700162i,-0.2692896217283928-0.14923274863596123i,-0.14875525248151908-0.0831492664280458i
-0.18717783998161144+0.46364227325443197i,-0.11303555449048905+0.278271241584307i,-0.06360757001226454+0.15470327404824924i
0.48274627741866033+0.13021314353630659i,0.2826828918420399+0.0767713575152728i,0.1567701904045532+0.04430341892196671i
0.07136600656359665-0.49487788527783927i,0.04131717519867565-0.2824968081359874i,0.024122841437238116-0.15600520855163552i
-0.49986649320921306-0.011487152710224813i,-0.27768797464910755-0.007103325067824528i,-0.15393875430429352-0.004347547140529905i
0.048554524220251305+0.49763668777944825i,0.025560323995733637+0.26870467485896476i,0.0133431506412892+0.14981401983092757i
0.4882188346909511-0.10789469894786487i,0.2561357249655722-0.056031196549194605i,0.1424812275050744-0.02957364806109637i
-0.16567924395787179-0.47174936559965724i,-0.08365772873083499-0.24024767090732294i,-0.04540753074560494-0.13305580006146836i
-0.4484710359404932+0.2210720740962332i,-0.22128736012194727+0.1082263248528272i,-0.12304667359602403+0.05978787327519391i
0.2732698183099004+0.41871636690473457i,0.1296609527901947+0.19989330144819129i,0.07133498564256974+0.11190634389665446i
0.3829133641071988-0.3215206548062176i,0.17679154053884413-0.14761778000564668i,0.0987380136577095-0.0807393623027635i
-0.36513137407679847-0.3415794038341642i,-0.1617720278026204-0.1523852311105611i,-0.08906537527667771-0.0846287472128168i
-0.29531627662015253+0.40346978445209924i,-0.12702464390256707+0.17220178234479636i,-0.07096892575293766+0.09552724098434306i
0.4359795667067966+0.2447885335010372i,0.17911416137370847+0.1013619217571838i,0.09907846569920024+0.0573244946291785i
0.1907239465625591-0.4621924476955696i,0.07608042555493236-0.18248859192855052i,0.04295741853234928-0.10048495484692122i
-0.48173418480034463-0.13390389758765148i,-0.18232555029462788-0.05154208712212904i,-0.10080896489340105-0.028822360785479017i
-0.07515342226898727+0.49431947087419337i,-0.028026888731127325+0.17896683538936795i,-0.016092535674915368+0.09952248259813824i
0.4997645109044808+0.01531785828517207i,0.17285053988890742+0.006034101754721634i,0.09588744987291006+0.004356193155104343i
-0.044741147028379336-0.49799128763917866i,-0.013950903314147962-0.16420533879052207i,-0.007049845981501092-0.09070034239053999i
-0.48903019983040075+0.1041550490489062i,-0.15326214364797067+0.03174766721846682i,-0.08496905319235387+0.01738419359049681i
0.16206201176500085+0.47300710690562214i,0.047270135767986846+0.14051314045386754i,0.025760186379916904+0.07836051660320098i
0.4501516837522072-0.21762817500930506i,0.1264989282497537-0.06027649159803962i,0.07037547907909779-0.03262447213434682i
-0.27005428405489956-0.42079432619599455i,-0.07056269534945925-0.11155702664765903i,-0.03861253393414015-0.061760480681163604i
-0.3853639346762363+0.318581251567549i,-0.09599908109315568+0.07819051389606926i,-0.053388389461349044+0.04323047907519398i
0.36250523614306934+0.34436852249813604i,0.08330570968895681+0.08031274086181005i,0.04589826139544797+0.04503381238075672i
0.2983983627574254-0.401193515002641i,0.0649845635685421-0.08593781401103241i,0.03634820471786636-0.04710475793151468i
-0.4340913368433949-0.24811775156933233i,-0.0861541915517141-0.050305658380689414i,-0.04745609525522129-0.027941312655723104i
-0.19425753032408172+0.46072085560895715i,-0.036517629420297154+0.08422664013417064i,-0.02047159769681603+0.046686228501149736i
0.48069517004742446+0.1375921418146207i,0.08047951700380052+0.023961944167825114i,0.04448914415805925+0.01374062886960035i
0.07893776499667846-0.49372671605736396i,0.012941287687156229-0.07513965235133058i,0.007474233230598467-0.0413554174920746i
-0.4996318781225779-0.019142320655828743i,-0.06845338858337768-0.0035837254174633897i,-0.03781704930814892-0.0020822538652640063i
0.04092648077775091+0.49832202108786494i,0.0040400001786041065+0.06079590172679011i,0.0020410641374951867+0.03377315369790753i
0.489814214866627-0.1004039449462769i,0.05255159236009503-0.009815498908945923i,0.02912048222880246-0.00511483895293287i
-0.158433938000426-0.4742317579360371i,-0.01368419234612771-0.04401500119731725i,-0.007379702038718598-0.024281555792559504i
-0.45180459126895384+0.21417685501116926i,-0.03547483178149169+0.01572173693220977i,-0.01964735503945042+0.008644392050026017i
0.2668242443549945+0.42285294728466416i,0.01604813276286025+0.027271824305982323i,0.008781879372283377+0.015201015630039812i
0.3877932359831807-0.3156178163433276i,0.01971382204031033-0.01477223957986044i,0.010958051878053758-0.008033537408810925i
-0.35985649906730965-0.3471320965504615i,-0.012053796206770733-0.013028080616746391i,-0.006602558840907639-0.007202249237992898i
-0.3014616101245863+0.3988990570922054i,-0.007416686671649409+0.008128356618590762i,-0.004122994352126589+0.004486194684468993i
0.4321789794728303+0.25143776027314707i,0.003245098993336334+0.003069256041754734i,0.0017804382810337326+0.0017171577389424651i
0.1977810547159684-0.45921689393198684i,0.00011392778230596065+0.00234491123881844i,0.00005066369085333616+0.0012909262758525385i
-0.4796266233840343-0.14126697048965742i,0.008360115489984412+0.0013802178968801435i,0.004602586664549265+0.0007755188440396181i
-0.08271614204298447+0.4931103449801277i,0.001372708093564884-0.01451070821603633i,0.0008024731681013869-0.008034461744422041i
0.49947127336570496+0.02297100487047002i,-0.020531880587655715+0.00012142845907980582i,-0.01134273125151381-0.000055786286037998243i
-0.03710807850627432-0.498618179342343i,0.0030176650079739528+0.0261531017036694i,0.0015485557337645596+0.014382356277543796i
-0.4905681630887413+0.09665229605475911i,0.031097533416036178-0.007210728338287995i,0.017160877747826556-0.003927845881550237i
0.15479790620143002+0.47543393623854324i,-0.012582201614527465-0.035143868877163746i,-0.006826249970953052-0.019511479165566132i
0.4534323322569633-0.21070762716581815i,-0.03812956741570021+0.018938333476136885i,-0.021122453395498043+0.010202350715198512i
-0.2635772179551526-0.4248814200333908i,0.026027609014056707+0.03987965727583264i,0.014166980974002494+0.021982530978955302i
-0.3901984548081741+0.31264121234536624i,0.04022871152200969-0.03362950580756235i,0.02227463522289736-0.018495876857242462i
0.3571879889410098+0.34988065326885287i,-0.041539858406606456-0.03911475037407715i,-0.022774594480680217-0.02184442312071262i
0.3045085097603495-0.3965758559257322i,-0.03655282995226309+0.04947653912468249i,-0.020370980988336625+0.026986762256915625i
-0.4302399360476463-0.2547376754848323i,0.05712311624386345+0.03252709046300817i,0.0313081763054866+0.01800179567862314i
-0.20129164233357782+0.45769134026687885i,0.027030936882245112-0.06424948939878973i,0.01510406249151903-0.03544169854153814i
0.4785312782110797+0.1449388574382292i,-0.07067488568319277-0.020186620433848577i,-0.03889177420604091-0.011559473480998601i
0.08649100249864375-0.4924597044144442i,-0.012191774925241587+0.07614427216193814i,-0.007059615697686584+0.04172046005320547i
-0.4992800353323479-0.026792996963630265i,0.08039173783991806+0.0031806793302339626i,0.044213185256027736+0.0018945907667980086i
0.033288834915495974+0.4988904344136525i,-0.006720045813612172-0.08328439474661237i,-0.0034160783367711634-0.04606971654465908i
0.49129467099400154-0.09288963305499533i,-0.08476331901175839+0.01725101253063199i,-0.04678637484836934+0.008970043129920351i
-0.15115145892760753-0.47660288191288824i,0.02809574725244996+0.08469432245326602i,0.01507831865405181+0.04654395047419495i
-0.45503214051418944+0.20723138435377664i,0.08294516324123974-0.03904232579023748i,0.04576436523298309-0.02135990754845317i
0.2603160660412345+0.426890314839355i,-0.049913432839987275-0.07954495172399154i,-0.027206651649539126-0.044191177242439095i
0.39258212078847593-0.3096409247918336i,-0.07460485204353004+0.060408753626933306i,-0.041358919337104595+0.032737317262506005i
-0.35449719157101434-0.3526033420458101i,0.07019660111792697+0.0681484081447181i,0.03830252754323874+0.037575445070541245i
-0.30753621221786176+0.3942347371602755i,0.06019815190449967-0.07908968900146443i,0.03339241959602192-0.0434986146609848i
0.4282769910302234+0.2580279930214755i,-0.08696169549402696-0.05094445791917162i,-0.047703340553175134-0.028608092171390237i
0.20479175797560287-0.45613359471629633i,-0.04064977627825303+0.09357586634401609i,-0.022804948132254952+0.05110250213038628i
-0.4774065280569172-0.1485968978922616i,0.0986861408117933+0.02946540040527548i,0.054122710182629714+0.01638927114894215i
-0.09025945421617942+0.49178552190854397i,0.017524774815002624-0.10221877643637865i,0.010000756321738897-0.0563982384229622i
0.49906084596236594+0.030618762128485i,-0.10417672268110693-0.005117530072526689i,-0.05735454145019662-0.003469424432675753i
-0.029466303311821762-0.499128080948846i,0.007417369554842039+0.10445850700262375i,0.003595982209526998+0.057272277863006454i
-0.4919910252447641+0.0891268660397887i,0.10296343233280103-0.01988046688450865i,0.05666939488387198-0.010746383664514265i
0.1474974807939931+0.4777492157742699i,-0.03211324289233731-0.09977234470075895i,-0.017318079286614493-0.05525186180124842i
0.4566065929215509-0.20373764110095666i,-0.09504243429652548+0.04382199217112226i,-0.05252489594770619+0.02349077943277449i
-0.2570383091831833-0.4288688244820409i,0.054689720687141945+0.08882167074528428i,0.02966581669422492+0.04886049467176436i
-0.3949414233810984+0.30662781905622105i,0.08115432892354738-0.06456269706687971i,0.04485204232478126-0.0354141660980816i
0.35178693551598084+0.3553106925572882i,-0.07334770572145866-0.07225623709058619i,-0.040113889675092086-0.040276828147965425i
0.31054721062082513-0.39186514873780076i,-0.06240404802892873+0.08083667014139502i,-0.034717936174822155+0.04399348667290232i
-0.4262875888404674-0.2612978304970478i,0.08681804055302397+0.05175154046570219i,0.04749470684532413+0.028604011437899104i
-0.2082785256105096+0.45455443803730555i,0.040433374313747106-0.09125434128840484i,0.022559870417127474-0.050257635737178945i
0.47625510961922785+0.15225156666198308i,-0.09417684823541905-0.028731954393377657i,-0.051749805410530696-0.016405935106279874i
0.09402394686852916-0.49107714762548105i,-0.016966114602775854+0.09551432369230581i,-0.009775991276347628+0.05226713314351573i
-0.4988110473906922-0.0344373865707943i,0.09519968904403994+0.005315940101286774i,0.052300170989363966+0.003101787618923152i
0.025643378639014863+0.4993417943911338i,-0.0060763030269509475-0.09333376208664589i,-0.003018505128065566-0.05157930098020109i
0.4926598557166244-0.08535352634194618i,-0.09007994889680564+0.016949501299722843i,-0.04967957267448257+0.008761311166676672i
-0.14383351541287345-0.4788621811981496i,0.027030639941279994+0.08550128585851571i,0.014477685297913975+0.046954222566336204i
-0.4581529264027951+0.20023729172590346i,0.07965985911915523-0.036195422986019264i,0.04392339320126602-0.019786633257822723i
0.25374681036944247+0.4308275222893573i,-0.04437099514335206-0.0727639440434104i,-0.02417027184248369-0.04039849342474637i
0.3972788949166489-0.30359138249781076i,-0.06506621161093204+0.05139109257124718i,-0.03605051396769188+0.027835061705725465i
-0.3490547090314796-0.35799185661285493i,0.057094516462871385+0.05671386234602493i,0.031143021433340898+0.03125469341767782i
-0.3135386576282754+0.38947791903633844i,0.047839673251111985-0.06146659035668329i,0.026519673711650458-0.03380088490535594i
0.42427451689469625+0.26455768549293257i,-0.06454679807106414-0.03869132685279684i,-0.0354046081530162-0.02170673708090272i
0.21175441143422027-0.4529432734768076i,-0.029537023278527398+0.06629779858770057i,-0.016551955703722594+0.03620314559571276i
-0.47507441971550596-0.1558919599893013i,0.06669271996635123+0.020533449945978832i,0.036574164854893405+0.011404798664281412i
-0.09778158891636929+0.4903453125000216i,0.011808142861427888-0.06583468279575401i,0.006713192405021346-0.036322488858879856i
0.49853332499222125+0.0382593356812733i,-0.06387134862493334-0.0035706240852973513i,-0.03516394826981066-0.0023506137918603504i
-0.021817614419405412-0.4995208728214956i,0.003971004353806872+0.06088046130709464i,0.0019161754459577406+0.033376985813590006i
-0.4932984524551745+0.08158052468054283i,0.056944734800018354-0.010720287116517756i,0.03133564534147394-0.005807281726678936i
0.14016244842685782+0.47995240228340763i,-0.016618939665141802-0.05224841891676562i,-0.008976845036301032-0.028927008084646648i
0.45967372097555736-0.19671985216856847i,-0.04700135433488359+0.02155419053304831i,-0.025967874872668033+0.011567486461722332i
-0.2504390919500391-0.43275560398523727i,0.0254285657838085+0.04134407935769322i,0.013804696690228702+0.022732914034827686i
-0.39959172756180733+0.3005424826105174i,0.03541024375806467-0.028245690138629178i,0.01955619156068948-0.015504125883808327i
0.3463033431063118+0.36065736632421663i,-0.03004630669010987-0.029400465929420534i,-0.01644313459029216-0.01637440093241432i
0.3165130484905827-0.3870624987026233i,-0.023518653646695573+0.030834785471392633i,-0.013072143267718122+0.016788544545904574i
-0.4222352225531544-0.2677966774099686i,0.030633927817168245+0.01789957480458563i,0.01676054289489266+0.00987911891471918i
-0.21521654083647054+0.45131088492531396i,0.012659326103722028-0.02954530351757785i,0.0070489243254294705-0.016271739495759108i
0.4738671983247387+0.15952855371958727i,-0.027695998116667425-0.007947346370498633i,-0.015218968507896424-0.004532621454187273i
0.1015348306667094-0.48957937007699975i,-0.0038973630721911372+0.025185502456310332i,-0.002249513395474033+0.01377874885704396i
-0.4982250243353099-0.04207369588952324i,0.022125455138625624+0.000579601196141533i,0.012147384263311954+0.00034972665219204746i
0.0179919057863753+0.49967599511862226i,-0.0019601636670995236-0.018674928984157655i,-0.0010242611154152078-0.010313464152882364i
0.4939094487239426-0.07779739298872855i,-0.014999634928740844+0.003669573699040707i,-0.008268587051715353+0.001931116283500663i
-0.136481824450629-0.4810091256969615i,0.004522649779422787+0.011240718095028374i,0.002437080166329465+0.006167970317963097i
-0.461166216711039+0.19319621813747168i,0.0075403158344182096-0.004541948916416405i,0.004151923154100029-0.0024881051603288734i
0.24711801867089792+0.4346636458555854i,-0.003770844186177387-0.004053233338914002i,-0.0020635495703143166-0.002251271107462415i
0.4018824563730085-0.2974706088532314i,-0.0009204434216484123+0.0022630191885496657i,-0.0005173472889152682+0.0012361783399287604i
-0.3435303284074653-0.3632963759552334i,0.00009903999062966585-0.0017388265693180894i,0.00005822263129376132-0.0009514979179840338i
-0.3194675380141028+0.38462971880308794i,-0.003814398302873357+0.002616747419072987i,-0.0021042078712263323+0.0014345918726710206i
0.42017249615872626+0.2710253056388736i,0.005772061188843578+0.00521518289594419i,0.003153202227401484+0.0029008898630118077i
0.21866738145840797-0.4496466787521932i,0.0058799461230879604-0.009236617095579287i,0.0032625131679864957-0.005026864162885478i
-0.47263084553770257-0.16315044515499189i,-0.012861090020179562-0.00576120946053816i,-0.007035762250180652-0.0031744534161780905i
-0.10528078124017975+0.4887900546680054i,-0.004824197322882675+0.016503855136468303i,-0.0026966123140819923+0.009080112420113647i
0.49788883422645897+0.04589093283639016i,0.020033918689467335+0.003076788019452668i,0.010991154064218689+0.001800383543149164i
-0.014163806425555897-0.49979646280032397i,0.0005639721449577763-0.023299947464929974i,0.0003968270833125339-0.012729818467723595i
-0.4944901379609503+0.07401504255995564i,-0.026143065848080748+0.00267189926243806i,-0.01433779024064318+0.001436695759670618i
0.13279453010395378+0.48204297883672664i,0.006581217876404458+0.028444760472303206i,0.003527679822950324+0.015686318127795404i
0.46263299678488123-0.18965590693839235i,0.0301157597050964-0.011058614895377466i,0.01656394349449859-0.00589279409334232i
-0.24378111461682064-0.43654084659570314i,-0.01596424711630736-0.03104398061483248i,-0.008632661420698623-0.016994517773254617i
-0.40414827625876015+0.29438663079853744i,-0.031119132974159146+0.021185591667656378i,-0.0171087255259084+0.01159134850127931i
0.34073849831628955+0.36591942009029865i,0.026616616551894942+0.03029900528257878i,0.014503512772182954+0.016780376491714016i
0.3224046236170518-0.3821690326563436i,0.028583579836505037-0.032091569177780103i,0.015786499089990413-0.01739215011017618i
-0.4180837879842794-0.27423269141218104i,-0.037420347530941166-0.025942379219449214i,-0.020388513573976624-0.014234181108666566i
-0.22210406015886605+0.44796144195926374i,-0.022349071270624285+0.04246962410094374i,-0.01235720159859823+0.0232884306191202i
0.4713681045984492+0.16676811122616692i,0.04713059367832865+0.01786357677045143i,0.02576866818420454+0.010048765220413586i
0.10902189162958648-0.48796672318954204i,0.01259160466438594-0.051235622715572554i,0.007089671716571032-0.02788768410198262i
-0.497522103663615-0.04970013322788065i,-0.054605299807751057-0.006592927507988885i,-0.029834393773687618-0.0036711520001515927i
0.010336211607303553+0.49989295818327173i,0.00007518925845937248+0.057145506551783125i,-0.00012376750141203605+0.03139285895592925i
0.4950431568264554-0.07022300587575307i,0.05880318692331052-0.007262059110253125i,0.0322205887395379-0.0036430027745578113i
-0.12909811095337712-0.4830432116760434i,-0.014777301028717944-0.05946660752611449i,-0.007848903647451017-0.032439271899287046i
-0.4640713044366602+0.1861098156214524i,-0.05902149489586637+0.022498952524641794i,-0.032318281075677906+0.012238357473810704i
0.24043124624569912+0.43839778547606234i,0.03032165615815801+0.057460591416603105i,0.016410289946401212+0.03165975826446473i
0.40639172503316473-0.2912800399629367i,0.05482737783960035-0.03804832809174686i,0.03013179461147382-0.02045950568266698i
-0.3379253458733146-0.3685156554842125i,-0.04545480835680056-0.05110136698176055i,-0.024626221594219354-0.027933937476468152i
-0.3253214622940321+0.3796912739840187i,-0.046261121818983494+0.052410772449936104i,-0.02542373613068986+0.02862464376925794i
0.4159718912712089+0.27742933597455743i,0.05881947734100013+0.04040329470359557i,0.03202167153561264+0.022434684620513644i
0.22552904607187627-0.44624458401585954i,0.0336751643998087-0.06449814995669705i,0.018657720104153692-0.034945132957745616i
-0.47007637885441356-0.17037065034551926i,-0.06925064718004574-0.02614737287628817i,-0.03768121408851783-0.014364931777312394i
-0.11275527166715929+0.4871201133195196i,-0.01788237391832149+0.07299720383067192i,-0.00998951454719683+0.039950796154130636i
0.49712752488065326+0.05351176300750412i,0.07570567947282614+0.009060707350594058i,0.041327389276121944+0.00538962863373509i
-0.0065066751278893-0.49995478622420597i,-0.00009572037877368096-0.07726197301274887i,0.00027191047539274057-0.04199642818052716i
-0.4955658021593108+0.06643219475192087i,-0.0775478202288532+0.00946008016933225i,-0.04230903516211713+0.005043514765741587i
0.12539545454517692+0.4840204549264434i,0.0189274141662338+0.07657568218954798i,0.010078129472739901+0.04202012524338563i
0.4654837260205747-0.18254746280972733i,0.07441196943365948-0.028282678080460644i,0.040736857290220654-0.01497141509936382i
-0.23706593933139347-0.44022366418955694i,-0.037283963431180636-0.07103941750679148i,-0.02002198060812015-0.03871212800231522i
-0.4086100003780761+0.28816170795544316i,-0.06643774299963656+0.04580416122363167i,-0.036365052357533505+0.02489745414567087i
0.33509370681428374+0.3710956192304143i,0.053753217296571516+0.060720746413289575i,0.02911308133914432+0.03349410589462875i
0.3282205536717781-0.3771858987430833i,0.05405286728011299-0.06094170672439156i,0.029748544968440434-0.03283377680302942i
-0.41383425917660804-0.28060436243463005i,-0.06716751720626417-0.046506281969337544i,-0.03638754062298947-0.025439119472803813i
-0.22893946757285374+0.44450689501223895i,-0.03814300326633379+0.07235879849197842i,-0.021037015062795896+0.03946500391647924i
0.4687584147977068+0.1739685405788664i,0.07649195393645813+0.029152225802727267i,0.04161106860995249+0.016374668887322707i
0.1164833730830653-0.48623958533521183i,0.01976243206550682-0.07945210837827749i,0.011133484127478995-0.04303758664814548i
-0.4967024503004746-0.05731490921017213i,-0.08112053570004855-0.010096639930242087i,-0.044118075099000446-0.005655707734477642i
0.0026780923419677527+0.4999926326794732i,-0.0002552981523454245+0.08151559517657767i,-0.00043388748175440356+0.04458980867196634i
0.4960607140245047-0.06263214216627407i,0.08070724593204448-0.009547321908112723i,0.04404981746238377-0.004688485529103007i
-0.12168410734700369-0.48496396188188196i,-0.01907274241002694-0.07867628301469143i,-0.010019380634373777-0.04276333387363071i
-0.46686750796475346+0.17897974684625262i,-0.07540056092991848+0.028201254868076783i,-0.04115003257904932+0.015219406524457262i
0.2336880619978465+0.4420290650170994i,0.03684849242570528+0.07099162741974306i,0.019810683964133824+0.038999668833415865i
0.4108056428964577-0.2850211283076873i,0.06560725569940146-0.044830835960935775i,0.03596564760890217-0.02396466714185739i
-0.33224107651483603-0.37364847061070694i,-0.051954066751613216-0.05931191583766116i,-0.028001429508142064-0.032355338202242546i
-0.3310990569735525+0.37466374327653207i,-0.05216073450828689+0.05815132336073974i,-0.02861860437309848+0.03161569996527496i
0.4116736878116432+0.2837682739351933i,0.0633994889907003+0.04433056820543499i,0.03437480138822209+0.024586306443272508i
0.2323377953360218-0.4427377874944702i,0.036032618756755015-0.06758734037174666i,0.019956155653842216-0.03648382438127804i
-0.4674116190150331-0.17755088149862375i,-0.07060109844113377-0.027376958821892474i,-0.03828922401432985-0.015052737134904143i
-0.12020330647261324+0.48533588026955304i,-0.01845385196630267+0.07245497855874534i,-0.01032862094635008+0.039538896383104455i
0.4962495755792893+0.06112003813452003i,0.07320815794238182+0.009458749370707094i,0.03986231427904274+0.005633674703576787i
0.0011519828962385792-0.4999958059460345i,0.0006072361900792729-0.07283699139341877i,0.0006887412665854718-0.03950287805474948i
-0.4965251926693229+0.058833760404807825i,-0.07131614214547063+0.007993663145334317i,-0.038833770911349+0.004194450385112428i
0.11796695778078245+0.4858843665813098i,0.016266886718792565+0.06874038449741117i,0.008590807678822966+0.037658803003465774i
0.46822523982175634-0.1753961876225592i,0.06524340550183381-0.024046626046427585i,0.035670197728415-0.012654911293453357i
-0.2302951416618639-0.44380319267469537i,-0.03115907584076515-0.060875794458272486i,-0.016663797253672907-0.0331393205722805i
-0.41297585307437606+0.2818691746223937i,-0.05568123239534555+0.03754217201695387i,-0.030452690378301377+0.020344342046377663i
0.3293702930264009+0.3761847492633434i,0.04316988585627249+0.04980913634433715i,0.023322872317262128+0.027458267233314633i
0.3339594740747609-0.3721142661455561i,0.04343685353796674-0.04794009719818222i,0.023898131186815-0.02577468673530447i
-0.409487633188559-0.28691019550492614i,-0.051749681402049386-0.036655278087768965i,-0.02798776305024826-0.020050589028777148i
-0.23572115930050544+0.44094805461765996i,-0.029540117818238835+0.05460395553624092i,-0.016293399721484587+0.0297420236754544i
0.4660387412287944+0.18112815235539192i,0.056544345249438424+0.022255568389842433i,0.030726973504834373+0.012498630588228234i
0.1239175243547217-0.4843983617488996i,0.014981434747559702-0.05754341920235749i,0.00843851556968169-0.03114284116289993i
-0.49576625655951323-0.06491623719678563i,-0.05757368526758099-0.007808027936445394i,-0.031289826721325846-0.004374029993035271i
-0.0049806552004726945+0.49997499522080013i,-0.00080272419798951+0.05670629940594476i,-0.00065081176628904+0.03100155722529923i
0.49696188157068716-0.05502658288941496i,0.055042902428391265-0.005894932992043373i,0.03002893255340497-0.002855386476569469i
-0.11424155316430118-0.4867709256527102i,-0.012139992844961386-0.052618657559112436i,-0.006361004025460594-0.028589158088730707i
-0.469554171227695+0.17180768472560518i,-0.04946475438997535+0.017876774873027693i,-0.02698493226475768+0.009642367753655793i
0.2268900480671325+0.4455566324788632i,0.023076894865455652+0.04569665151034513i,0.012403625706829282+0.02509263126656104i
0.4151231743341945-0.27869534240336846i,0.04145103333737751-0.02765243189323632i,0.022712181790812865-0.014779452401863099i
-0.3264788540207458-0.3786936170326009i,-0.03151591797731016-0.03679777071640895i,-0.016986907700532405-0.020061571916458357i
-0.3367989664672157+0.3695483062800723i,-0.0317965137570715+0.03466411389908483i,-0.017429631735451617+0.018850119457310844i
0.40727889425888397+0.29004063222848453i,0.03712073599788602+0.026575158688266577i,0.020130716055699948+0.014718269272320719i
0.23909203172766438-0.43912711198065824i,0.021272791189551003-0.03885782751939255i,0.011759102023134219-0.020978080955566823i
-0.46463719124681657-0.18468945393107464i,-0.03984889462281388-0.01596132458972934i,-0.02161226952143937-0.008752475800626765i
-0.12762313813907714+0.4834377741491274i,-0.010696671905233409+0.04014195852716702i,-0.005956260966113408+0.02190471659824791i
0.4952551923138505+0.06871397310310814i,0.039807328046685325+0.005588240929393249i,0.021671597692134278+0.0032807252915640294i
0.008810370711260201-0.49991951234143506i,0.0007484369812840897-0.038867328442757844i,0.0005729363493202565-0.02107166861157922i
-0.4973680843911164+0.05122152232402406i,-0.0373429523876169+0.0037756339905830175i,-0.020321659575880287+0.001999227405770248i
0.11051078274406381+0.4876342764754741i,0.00795602713092101+0.035316864354634124i,0.004221350161793116+0.01933082128558691i
0.47085689495254324-0.16820375926623898i,0.032886671059721526-0.011722743352119815i,0.017958881753669918-0.006186790393827906i
-0.22347031022690622-0.4472785921935309i,-0.015007504801833568-0.03010324615165077i,-0.008043609277422996-0.016362238359826156i
-0.4172448099964003+0.2755105072038614i,-0.027011519078576414+0.017802065660254142i,-0.014742813321661078+0.00966376178953223i
0.3235695998257362+0.3811856161367158i,0.020116928182193378+0.023704377612937266i,0.010881029212321197+0.013033491261959415i
0.3396200383146183-0.3669553248107439i,0.020281827987592857-0.021927930587843578i,0.011122962742625869-0.011796590216270367i
-0.4050449298602684-0.2931487110981058i,-0.023213552520438732-0.01679806664243886i,-0.01255660587840212-0.009151855907931012i
-0.24244754416709483+0.43728575577910866i,-0.013297076254925946+0.024003765748281232i,-0.0072952660192226225+0.01307174514980243i
0.4632097220032653+0.18824526671039496i,0.02434362546211072+0.009858417729665144i,0.0132206071212652+0.005495760147751786i
0.13132260118455572-0.4824434844332011i,0.006562461463007375-0.024247385479620565i,0.0036575049079313623-0.013108872291126599i
-0.4947137420979899-0.07250233370338414i,-0.023729906366071377-0.0034461239650791843i,-0.01287696906402766-0.0018947671499545161i
-0.012638234063445192+0.49984004994549347i,-0.0005338252523151686+0.022846905432160985i,-0.0003473595376308346+0.01246633252421512i
0.4977464480258684-0.047408112522292024i,0.021663553671814995-0.0021239579850135487i,0.011790962927210538-0.0010422414081984936i
-0.10677219463682794-0.48846367902424304i,-0.004479507336147436-0.02021594501866622i,-0.0023632977130171227-0.010952797247719664i
-0.4721306638590723+0.16459531202605804i,-0.01853734941226986+0.0065238542317125605i,-0.010078727642958661+0.0035327447807490674i
0.22003879945792848+0.44897966019527635i,0.00826010399775+0.016690890126811415i,0.00444856095125523+0.0091295864144379i
0.4193433063326342-0.27230416645643724i,0.014743255029319363-0.009671446370040656i,0.008042839614281708-0.005172014617849466i
-0.3206400303697484-0.3836499110173096i,-0.010744440306266171-0.012733317131921698i,-0.005788713071825432-0.006907218808396305i
-0.3424198534166907+0.3643461632193594i,-0.01069398171286942+0.011497431001526854i,-0.00582794913927493+0.006245179109950449i
0.402788541754526+0.29624493918358696i,0.011957990317383949+0.008678321154524046i,0.006473555722449589+0.004774310320244276i
0.2457901705138681-0.4354134046399758i,0.006738362350506775-0.012137000391743952i,0.003696432583239801-0.006536726631315129i
-0.46175374650818524-0.191784692733942i,-0.012047068970319867-0.004900508561200317i,-0.006514332035426514-0.0026626572066613926i
-0.13501302576633115+0.4814262403070735i,-0.0031836055765718315+0.011724292208762262i,-0.0017512564270948184+0.006375815067553282i
0.494144608394487+0.0762917861635403i,0.01120976194695709+0.001619440377139323i,0.006079464741767753+0.000932442399455901i
0.016466691445005316-0.4997259233110223i,0.00023633966535932126-0.010529337311318873i,0.00016197185331525096-0.00568400463764942i
-0.4980942795586973+0.043597266553719836i,-0.009707966015215282+0.0009591702317159561i,-0.0052579004879561774+0.0005149174038526664i
0.10302867886241218+0.4892697740310876i,0.001967644873281415+0.008785809394241232i,0.0010476016723012544+0.004784547737777738i
0.47337807395297066-0.1609718652858032i,0.007803766894867741-0.0027811355106834995i,0.004238804787890974-0.0014676511808137207i
-0.21659304632302834-0.450649047320046i,-0.0033952822287870396-0.0067885470438119565i,-0.0018160259953853037-0.0036687799398230523i
-0.4214158695273498+0.2690871976212265i,-0.005763647264472015+0.0038221881351711276i,-0.0031265587754163884+0.0020684589546362767i
0.3176929882172986+0.3860970465071692i,0.004078798549858872+0.00476082027929175i,0.0021981305291979563+0.0026012268257648314i
0.345200918264519-0.36171028517070314i,0.00380945358994179-0.004175671822122689i,0.002075919819560978-0.0022367784266807728i
-0.4005071915743058-0.2993184454837709i,-0.004125444118160119-0.0029264511535899225i,-0.0022205339035211813-0.001583674357256176i
-0.24911704397443507+0.4335208577744154i,-0.002124489878954713+0.00395114794413531i,-0.001157385112917734+0.002140422914248342i
0.46027202088822583+0.19531821376961203i,0.0036775485380330423+0.0014196685671138069i,0.001986616129017787+0.0007864968616387111i
0.138696866134246-0.4803754120570598i,0.0008243984696008625-0.0033238137236789164i,0.00045731653174080675-0.0017869299817193803i
-0.49354515386526177-0.08007141881936272i,-0.0029090964510427816-0.00034145875235607284i,-0.0015692201792296748-0.00018686682274343113i
-0.020292847564583383+0.49958782851549305i,0.000030038712386140657+0.002457234528431433i,0.000010433330057439404+0.0013328641057793035i
0.49841422930879564-0.039778518571324084i,0.0019909063659145493-0.00029015544023954133i,0.0010775652037152061-0.00014637219625263868i
-0.09927778428519057-0.4900418248291532i,-0.00044225122975299186-0.0015277467862345555i,-0.00023293527986652343-0.0008230266351170215i
-0.4745963813415886+0.1573443209721489i,-0.0010837370615172258+0.0004955226569575964i,-0.0005857546715692384+0.0002665448743310574i
0.2131359236649516+0.4522973450282132i,0.0004610657157743627+0.0006751366078706672i,0.00024736298190193795+0.00036758045653651486i
0.4234650487306731-0.26584910001568507i,0.00031522663948432746-0.00035002920797735844i,0.00017178522834657988-0.000186927410113385i
-0.31472597551332404-0.38851618967951884i,-0.00017539793545135376-0.000013350292786385678i,-0.00009424556666258505-0.0000076090159852188184i
-0.3479603990045492+0.3590585346627849i,0.0002233472868976164-0.00004805128941580215i,0.00012081338989877945-0.000025614199635695378i
0.3982036838609697+0.3023797390964066i,-0.0003058319261028909-0.0003900659938033179i,-0.000163514076555687-0.00021254976471208776i
0.25243064012376726-0.43159753681212665i,-0.00048539113475338857+0.000583369110511061i,-0.0002639728852062641+0.0003110877624369208i
-0.458761961335994-0.1988349331655795i,0.0008659050042696911+0.0005099421613103838i,0.0004646118615977696+0.0002759459539982709i
-0.14237123547986666+0.47930175070554204i,0.00046591676810764756-0.00114034752661708i,0.0002551275750514654-0.0006155264099266704i
0.49291808439527723+0.08385169934874015i,-0.0013956725643083957-0.00035880461881735885i,-0.0007511702055588716-0.00020201241157017348i
0.024119148710299465-0.4994150842762032i,-0.0001967048737405797+0.0016207338432656442i,-0.00011312930486316472+0.0008688851467059525i
-0.49870360778635064+0.035962781957732004i,0.0018052961441810385-0.000012667327466141286i,0.0009718757698143652-0.000003269576451932553i
0.09552240164685225+0.4907904755146406i,-0.0002613760854358876-0.0019430443165569188i,-0.00013330833882929717-0.001051943814577196i
0.4757881852838681-0.15370220248602928i,-0.0020305539476963364+0.0005383590133963732i,-0.0010967217381123544+0.0002765402588680712i
-0.2096649635488648-0.45391376725111615i,0.0008312913810186051+0.0020637431895958324i,0.0004375272870512274+0.0011101467630466207i
-0.42548805301989473+0.26260075296273167i,0.0020396264033522684-0.0011305734647708528i,0.0011023031464471211-0.0006044755928694579i
0.3117418370186814+0.3909178880156483i,-0.0014278204277136637-0.0019600134986827093i,-0.0007605529760870333-0.0010670647457842837i
0.3507008044937953-0.356380377858563i,-0.0018293895336595146+0.0017120700026254517i,-0.0009939373149310757+0.000907449611905567i
-0.3958754830111024-0.30541795106951897i,0.0019723310389463166+0.0016505007942411978i,0.0010524260477393114+0.000892377242244795i
-0.2557280938711653+0.42965424395404617i,0.0014265762350393698-0.0022020178627406967i,0.000777529483882723-0.0011836839100582608i
0.45722632715059486+0.2023453340216632i,-0.002396696670187116-0.001165407641996376i,-0.0012850091490500901-0.0006450489117989206i
0.14603858899480077-0.4781946298481484i,-0.000876534518049481+0.002549702958189145i,-0.00048599536361314363+0.0013616446796790923i
-0.49226076604484126-0.0876217166254644i,0.002654992130798702+0.0005664506209178024i,0.0014243626873646532+0.00031288040908434737i
-0.02794269971727667+0.49921839010900704i,0.00024114856822210045-0.0027116270665822886i,0.00014303533741485624-0.0014635405435134577i
0.49896506873928587-0.03213959115283469i,-0.002720991044306439+0.00008962129036916671i,-0.0014655997026585905+0.000027534012495554834i
-0.09176008050785595-0.49150499279025617i,0.00041547574737365087+0.0026821276614286352i,0.00020748594672841635+0.001439391898034486i
-0.4769507451488971+0.15005641284936314i,0.002594650990370814-0.0007301544763042746i,0.0013987145825702615-0.0003840574515151405i
0.20618304029610138+0.45550890855593623i,-0.0010287537922746017-0.002463050108555167i,-0.0005406075341797985-0.001336630876555051i
0.4274874344521599-0.2593316576204013i,-0.002293622684099052+0.0013034452168090803i,-0.0012425333995615333+0.000682269931246169i
-0.30873807705429945-0.39329131125402783i,0.0015466009140493646+0.0020898518589765472i,0.0008186072863696132+0.0011276421249816469i
-0.3534193032636942+0.3536866612360286i,0.0018552513743457357-0.0017552128777911333i,0.0010072015467449177-0.0009387563116531236i
0.3935253963142251+0.30844359257114645i,-0.0019280141888787321-0.0015973721360386182i,-0.0010287591521775138-0.0008761852135398261i
0.25901188251729845-0.42768040380652406i,-0.0013247160027126956+0.0020613268750842625i,-0.0007261196510656015+0.0010956323166449913i
-0.4556625376867959-0.205838521042218i,0.002151988904570982+0.0010424262303486622i,0.00115025090477694+0.0005686735917105392i
-0.14969604083769916+0.47706480380926547i,0.0007550120423175646-0.002201272028604388i,0.00041853812721092716-0.001184605910485222i
0.4915759080930853+0.09139193889144262i,-0.0022120252568543688-0.0004700092484996204i,-0.0011881399595798704-0.00027130504919174725i
0.03176594702644581-0.49898706816851557i,-0.0001950909441459714+0.002184808974702048i,-0.00011941901455505839+0.0011694755503509624i
-0.49919592610861596+0.028319859799865416i,0.0021205308331379543-0.00006572975527623461i,0.0011402804112777465-0.000026811055852844368i
0.08799371228014813+0.4921960241269937i,-0.0003095311524453507-0.002023811408636238i,-0.000154925172825442-0.0010951811917523251i
0.4780866634656481-0.14639647653331578i,-0.001900296549121922+0.0005311965749274011i,-0.001026615025882894+0.0002697699933267327i
-0.20268768742657775-0.45707198599205273i,0.0007259665434183925+0.0017532225348672282i,0.00037888005769764273+0.0009437568167247998i
-0.4294604050257905+0.2560526951298735i,0.0015857425209495483-0.0008926231798929392i,0.0008579354319710188-0.0004744071548139516i
0.3057175425365507+0.3956470095577804i,-0.0010311223645171085-0.0014037613645254078i,-0.0005469847778272896-0.0007654707821549009i
0.3561184065751746-0.35096685341978284i,-0.0012135455192802892+0.001139714620888879i,-0.0006607767100843974+0.0006022793352914395i
-0.391150890899146-0.3114457967405904i,0.0012171033749074987+0.0010188246082454568i,0.0006480335326264357+0.0005522816477180782i
-0.26227914271991076+0.4256868215338442i,0.0008228236328815034-0.0012650077210284488i,0.00044976541938755564-0.0006790478359095138i
0.4540733553953836+0.20932497870742095i,-0.001286053393721371-0.0006306168024796338i,-0.0006890014213783789-0.00035017036777539175i
0.15334604719251363-0.4759016494790216i,-0.0004471183231854779+0.001281339020415076i,-0.0002488432744580245+0.0006840543184367108i
-0.4908608799900657-0.09515145561046215i,0.0012522098241544042+0.00027476621599340455i,0.0006717614078400383+0.00015245260732511275i
-0.03558599565206111+0.4987318214066266i,0.00011527718997693823-0.001202254858998678i,0.00006841423083343811-0.0006490241290519079i
0.49939883707498794-0.024493122573038973i,-0.0011355142949595475+0.000028432545718230782i,-0.0006118606789620484+0.0000064337769701492856i
-0.08422084716857955-0.49285283960738796i,0.00015384970318200116+0.001054519573936723i,0.00007646463391852983+0.0005661735762585967i
-0.4791932028813405+0.14273329760496256i,0.0009617283266876649-0.00026061503614404003i,0.0005186222009363323-0.00013718463151253185i
0.19918178069245412+0.4586135972557379i,-0.00034904148664959635-0.0008610428693483524i,-0.00018372899563267234-0.0004673255300626601i
0.4314095197328025-0.25275336844502005i,-0.0007563713736903623+0.0004185916325947963i,-0.00040969554515898253+0.00021954837595965918i
-0.3026777399212776-0.3979741553636409i,0.00046909900663444815+0.0006501442828629156i,0.00024886527562265764+0.0003506027978601776i
-0.3587952853823708+0.3482318033309765i,0.0005444640644914143-0.000502021358999415i,0.000295175890870185-0.0002691563142996843i
0.3887547767715139+0.31443507685803046i,-0.0005192377890194366-0.0004422335636649218i,-0.00027771616434565564-0.00024194697539612503i
0.2655323535507609-0.423662924692227i,-0.00034607522220332345+0.0005218987687280596i,-0.0001889273424768324+0.0002780078840993104i
-0.452456202772144-0.21279381312608353i,0.0005113251565857834+0.0002572910117951306i,0.0002738347822275361+0.0001394858215996135i
-0.15698572323544208+0.47471592446860694i,0.00017677028034277976-0.0004898583181702639i,0.00009693609926846127-0.00026403346505547796i
0.490118394400045+0.0989107356403702i,-0.00045994084942612654-0.00010580202500288373i,-0.00024733692969796853-0.0000597659449949142i
0.03940529224049577-0.4984419754125212i,-0.00004532078641853989+0.0004233111485989851i,-0.00002616180267344941+0.00022673926477011512i
-0.4995711190138337+0.020670293323613937i,0.0003816498375484103-0.00000475535261406054i,0.000205223711088464-0.0000020357136646350234i
0.0804443772035833+0.49348609008709643i,-0.000044831123499620366-0.000337125900097934i,-0.000023178127620947797-0.00018228170454778465i
0.4802729692109866-0.13905640155548754i,-0.0002917518360472611+0.00007508148794829189i,-0.00015734322457685082+0.000038877527559411325i
-0.19566285502046696-0.4601229625363287i,0.00009593732350675527+0.00024688201254011925i,0.000050816302637523965+0.00013253001411772064i
-0.4333319935200557+0.24944456048032643i,0.00020366915024148824-0.00010845584995392493i,0.00010973312993612717-0.00005832979519350093i
0.2996215182390368+0.4002833015492662i,-0.00011382395301615628-0.00016339339241275438i,-0.00006095632040725569-0.00008856574261143197i
0.36145245338754894-0.34547098201874293i,-0.000127062062879633+0.00011302060835124344i,-0.00006863112134937428+0.00006018632292137628i
-0.38633452376000676-0.31740056819564827i,0.00010710440251100345+0.00009515415135849746i,0.00005738474308173889+0.00005104128329878148i
-0.2687686534612222+0.42161952138217396i,0.0000679331811164229-0.00009738413381400918i,0.000036600914027427796-0.00005253033486257166i
0.4508138453980311+0.2162555102068543i,-0.00008510251401853875-0.00004562657820252669i,-0.00004575364543072013-0.000024813782073868524i
0.1606175261931267-0.4734970089470639i,-0.000028220634345086446+0.0000712714886065106i,-0.000015242127427187928+0.00003813602064047742i
-0.4893458241533926-0.10265886908680258i,0.00005682855957190436+0.000015380009702676507i,0.000030517836712717645+0.000008152540509387062i
-0.043220942037744486+0.4981282365709916i,0.000006646843991047735-0.000042690229053017906i,0.0000035449662047513463-0.000023033985792608067i
0.4997154325417086-0.016840906907521106i,-0.00002959124249745339-0.0000015195518299475536i,-0.00001591050855943652-0.0000008580163576359726i
-0.07666185318255617-0.49408504903795447i,0.0000006179770006857732+0.00001804618523559289i,0.00000034867164586887655+0.00000965580895393781i
-0.48132322839556+0.13537669344678716i,0.000008427409115661007-0.000000477450076914456i,0.0000045248751980230136-0.00000028900699345585425i
0.1921337875455064+0.46161068268073696i,0.0000012390344367935294-0.0000009659611563378976i,0.0000006659006320972427-0.0000005233074104161356i
0.43523038434159933-0.24611577594033507i,0.0000042907070093600015-0.000003854656248147035i,0.0000022969158521440023-0.0000020722237652067806i
-0.29654638603900313-0.40256362328203876i,-0.000006720256999880699-0.000007443952301457106i,-0.000003629956345513191-0.000003949207049181373i
-0.3640870840046786+0.34269524080999614i,-0.000008709684913027397+0.000009263509943519834i,-0.000004617903173804822+0.000005040543833986879i
0.38389294455372946+0.32035278618711965i,0.000011018838271700572+0.000008425417998865965i,0.0000059761215124254235+0.000004473019617755613i
0.2719905233391171-0.41954604208230073i,0.0000070210908402598005-0.000011613318696906061i,0.0000036705356080404766-0.000006266148500709687i
-0.44914370888796734-0.2196991775109476i,-0.00001079181985868627-0.000004967044666118213i,-0.0000058418602570587545-0.0000025083303071794017i
-0.16423857230953778+0.4722556637964145i,-0.0000027638677471722072+0.000008442538435655138i,-0.0000013111877623413912+0.000004593160602570696i
0.4885458852896704+0.10640632547532494i,0.000004575834309405512+0.0000009292024951322488i,0.000002492999938408881+0.000000306088320348817i
0.04703539194820641-0.4977799339022395i,-0.00000005339858119659608+0.000000685388308034085i,-0.000000257749085312618+0.00000034860781149471176i
-0.4998290984712449+0.013015877331414563i,0.000007091251361121811-0.00000024776508878390165i,0.0000038083756283763193+0.00000008483703554159626i
0.07287616770250221+0.4946603707093603i,-0.000002214759660455185-0.000014297436634605422i,-0.0000009415413131272608-0.00000774183920005317i
0.4823465895513522-0.13168369973961197i,-0.00002190570259594906+0.000006127814848509392i,-0.000011821929846277472+0.0000029655154222192092i
-0.18859211455286817-0.46306598103943786i,0.000012134827181824762+0.00002943355881573189i,0.000006222654133521284+0.000015793568234108204i
-0.4371019101196485+0.24277789946746675i,0.00003632682579353088-0.00002030706563245038i,0.000019565801707636204-0.000010722590913588814i
0.29345519442409146+0.4048256761862159i,-0.00003064196481964652-0.00004206669395035884i,-0.000016198362333313624-0.00002280769743734535i
0.3667016934142149-0.3398940531407245i,-0.00004619394989017845+0.0000429561648912098i,-0.000024947994009406446+0.000022631801877200224i
-0.38142751164824473-0.3232808682786115i,0.00005690388074399018+0.00004820608040842594i,0.000030219613314242745+0.000025832022257398882i
-0.2751951034742125+0.41745329780151064i,0.00004760114411218419-0.00007212792596960046i,0.0000256369709133749-0.000038623194305702475i
0.4474485619308289+0.22313530242326068i,-0.00008824637738051765-0.00004406354473849202i,-0.0000471216572210372-0.000024015623063106418i
0.16785131990410912-0.47098127244825955i,-0.00003743976781097896+0.00010467498192768576i,-0.000020304101368925075+0.0000556210036119578i
-0.4877159540093338-0.11014219560512248i,0.00012070556944969007+0.000027539373529234976i,0.0000643873993826316+0.000014662227625434458i
-0.0508457475021723+0.49740777722000085i,0.000014210359701416782-0.0001357566765799475i,0.000007725427935059943-0.00007281454903672656i
0.49991478085728785-0.009184739580291536i,-0.00014932276139135504+0.000002397394168966387i,-0.00007984192255252536+0.0000007593505516256975i
-0.06908487210138059-0.4952013319711288i,0.000021926042568200155+0.000160711206836685i,0.000011456377329894027+0.00008548301360465398i
-0.4833403219279425+0.12798832644011246i,0.00016917795605508437-0.00004411418688848142i,0.00009026065785394088-0.000023799976348286358i
0.18504071451175133+0.4644994616307925i,-0.00006868737113705962-0.00017426899978686427i,-0.00003665052493295585-0.00009347464687264557i
0.43894913179675243-0.23942043747136008i,-0.00017571114347340525+0.00009501814000318575i,-0.0000939156704917496+0.000050176539319361694i
-0.29034545399473743-0.4070586381915705i,0.0001222954972370234+0.0001730543622810246i,0.00006506898879402849+0.00009190042269333095i
-0.36929345752652304+0.33707827270564555i,0.00016585481800654203-0.00014992846352970943i,0.00008837722068129649-0.00008042120897483033i
0.37894104038281223+0.32619533209814533i,-0.0001773948648320959-0.00015409254670416505i,-0.00009470113414999877-0.00008271271665593123i
0.27838487661494477-0.41533072191265397i,-0.00013798991127054764+0.00020382505156584524i,-0.00007370948093619555+0.00010811974405933434i
-0.445725833238061-0.2265529940050166i,0.00022823857402350052+0.00011756034216279414i,0.00012152131193757163+0.00006209654659504215i
-0.17145288633855763+0.46968459903871396i,0.00009282931365987126-0.00025002848817407214i,0.00004930834078680532-0.00013383636867742794i
0.4868587497166196+0.1138769497211001i,-0.0002687583687129289-0.00006431399194629929i,-0.00014335096642858033-0.00003484056173864566i
0.05465445591458981-0.4970010989711421i,-0.000032767651508170526+0.00028367145439264644i,-0.000017562881088926552+0.00015049445293942619i
-0.49996980395164686+0.005358407763536242i,0.00029397766032817285-0.0000013518319705376138i,0.00015641556095733971-0.0000014147613742154937i
0.06529085949071797+0.49571859047467826i,-0.00003762756430754306-0.0002993947591825903i,-0.00002025610271872895-0.00016008183956611898i
0.4843070379573635-0.12428010092792602i,-0.00029988645649628714+0.00007515286977057391i,-0.0001598097246722082+0.00003939777505429577i
-0.1814771250174324-0.465900350986852i,0.00011284987295047283+0.0002951044620182541i,0.00005996409669358928+0.00015637846246244774i
-0.44076927029659885+0.2360542762765939i,0.0002847077949473179-0.00015005775178525608i,0.00015132820033933632-0.00008062145043956649i
0.287220017883901+0.4092730677003803i,-0.00018624455553056723-0.0002689383548117948i,-0.0000993294553709155-0.0001437932832209368i
0.3718648950365152-0.3342373752893626i,-0.0002483008969500445+0.00022043381709196364i,-0.0001322487074201602+0.00011660057217553256i
-0.3764310058862674-0.3290853173064675i,0.00025156634519144075+0.00022295392275038578i,0.0001336794966827706+0.00011784190942516932i
-0.28155698493380676+0.4131891283045347i,0.00019304775152178616-0.000279117268227574i,0.00010247189277548427-0.0001492209212768889i
0.4439782945834855+0.22996274116479326i,-0.0003027726094805895-0.00015931753743646474i,-0.00016121185999399217-0.0000854514673365866i
0.17504573107495386-0.46835503024481606i,-0.00012271590180145317+0.0003218228804178324i,-0.00006542241697589569+0.00017038593460852333i
-0.48597165197105086-0.11759967936753227i,0.00033554606812979704+0.00008377613399136524i,0.000178219548726936+0.00004379296419453625i
-0.05845862305253435+0.496570612393586i,0.000042961839005995915-0.0003438276613987286i,0.000022671942615921038-0.0001835337884363333i
0.4999968352490303-0.0015264169425317918i,-0.0003468039840049831-0.0000012662121497501902i,-0.00018452178485770144-0.0000014571928495932792i
-0.061491681696924316-0.49620142649568516i,0.00004018417598126009+0.00034423668146363584i,0.000021130363257274212+0.00018220964124235147i
-0.4852440102118779+0.12056993010266763i,0.0003358985982973677-0.00008076694770060731i,0.00017833480811177386-0.000043609946454008545i
0.1779042258246853+0.4672792563174939i,-0.00012000550803931044-0.0003221777872628314i,-0.00006387332302393395-0.00017196520067302184i
0.4425648895760059-0.2326689239519283i,-0.00030369588285779104+0.00015697175569955613i,-0.00016157208882549543+0.0000825760321251165i
-0.28407639870072626-0.4114581454359051i,0.00019068990593765455+0.0002806824091045624i,0.00010103720480951557+0.00014843562394635545i
-0.3744131843869285+0.3313822169158823i,0.00025335194791006405-0.00022075010557697788i,0.00013447874273458295-0.00011789687307414809i
0.37390022611410345+0.33196134376628117i,-0.00024694349671510547-0.0002224810732246089i,-0.00013124244606825774-0.00011898539047019098i
0.28471391308396227-0.4110179532154009i,-0.00018901591888855702+0.0002686757584106871i,-0.00010066816337795849+0.00014189309389867828i
-0.4422033777517322-0.23335365451107634i,0.0002853598721991261+0.00015346793760117138i,0.0001512895986097549+0.00008092930782118603i
-0.1786269726424736+0.4670033334392716i,0.00011627698878986587-0.000296987814626581i,0.00006172340734781353-0.00015832202206623138i
0.4850573835301272+0.12132085556011618i,-0.0003037639647478248-0.00007835599969473038i,-0.0001613907288512243-0.00004244353401213205i
0.06226069649395241-0.49610565335570633i,-0.00004070462915726674+0.0003055409825319828i,-0.00002194037546071697+0.00016150936641276404i
-0.49999320244159534-0.0023003187232982295i,0.000302188837175841+0.000003846666215453888i,0.00016024237665790178+0.0000015672085008970237i
0.05769023229387921+0.49666050109507015i,-0.00003182287969225361-0.00029411511639609254i,-0.00001686381723957751-0.00015676075500845342i
0.48615385445294496-0.11684734221196635i,-0.0002819053071665952+0.00006552826857553673i,-0.00014979371237593326+0.00003397267301048985i
-0.17431955578988115-0.4686254073560372i,0.00009647770754353234+0.0002657947413391931i,0.000050878977843952975+0.00014049077637726717i
-0.44433321358554667+0.22927526845792912i,0.00024600777828263497-0.0001243695254794416i,0.00013046188728470937-0.00006642471259508026i
0.28091745156542874+0.413624432609211i,-0.00014906267653127912-0.00022322454623882205i,-0.00007907427245782585-0.00011910109389675885i
0.3769408468228116-0.32850227567963397i,-0.00019823898321605804+0.00017010590088745945i,-0.00010539924452478653+0.0000895417765860654i
-0.37134617879419834-0.33481255339298566i,0.00018706969709240587+0.00017148035872912622i,0.00009897975772663735+0.00009052269592273564i
-0.28785280516452105+0.4088280133847815i,0.00014332136038701265-0.0001999887883881621i,0.00007600290581256684-0.00010650152320266465i
0.44040385757786726+0.2367362245231971i,-0.00020905341970371978-0.00011449329078432535i,-0.0001109049359177912-0.00006135193581722848i
0.1821990716954006-0.4656188985266736i,-0.00008577250026866634+0.00021418246114187375i,-0.00004571731484573356+0.00011300910983843026i
-0.4841133273006323-0.12502957063957765i,0.0002153173415441004+0.00005756173834043443i,0.00011399477669426171+0.000030152214471862347i
-0.06605778249511243+0.49561693851405175i,0.00003016809784739842-0.00021280070309803422i,0.000015988842316767337-0.00011324049632255583i
0.4999615764646791+0.006132264148881172i,-0.00020709344036863467-0.000004169665651242185i,-0.00010985403591687571-0.000002756066920140446i
-0.053884063544218985-0.49708509796145234i,0.000019861803843208117+0.00019839793446986225i,0.0000103353930053173+0.00010470487502099813i
-0.48703384658880416+0.1131232449979034i,0.00018691356168528116-0.00004171486895563682i,0.00009894079774276746-0.000022440104692301617i
0.17072599590433293+0.4699494145231913i,-0.00006128968159960491-0.00017315640996187762i,-0.00003250142834117532-0.00009213744053312204i
0.44607680932136623-0.22586281947611314i,-0.00015770752064239005+0.00007827799136397839i,-0.00008363405262390033+0.000041032620677337064i
-0.2777406910528374-0.415761112767484i,0.00009240057402003112+0.0001408914102972509i,0.00004880865140599749+0.00007426064942563718i
-0.3794450633546531+0.3256084098948502i,0.0001229957830353821-0.00010369759426729556i,0.0000650469228268287-0.00005522523450161547i
0.3687716844637433+0.33764946832377685i,-0.00011230928812418121-0.00010453927161708593i,-0.00005951457619462946-0.000055673317211483684i
0.29097614777704006-0.40660874788681i,-0.00008605513913410452+0.00011820227997729062i,-0.00004561638945592454+0.00006223513618965668i
-0.43857716889564535-0.24009956340379485i,0.00012136761608426815+0.00006782730001773804i,0.00006414404550629764+0.00003558047023013191i
-0.18575914797980836+0.4642124960980566i,0.00005007780188629908-0.00012205328801222318i,0.000026404768016307408-0.0000648513346380072i
0.4831422093811282+0.12873629644367898i,-0.00012057541528080962-0.0000331892324583203i,-0.00006383520713403863-0.00001779608212698441i
0.06985232904932562-0.4950938071525409i,-0.00001752560898457538+0.00011709120820811071i,-0.000009293525360308434+0.00006165771929411218i
-0.49989928845114934-0.009958505177456849i,0.00011176111744288803+0.000003224158416770237i,0.00005901713845034837+0.000001423721008313048i
0.05007606943189771+0.4974858815719363i,-0.0000096463789613494-0.00010493190295606906i,-0.000005198444933274984-0.00005567256064554507i
0.48788660572324644-0.10938716752500002i,-0.00009697940250303289+0.00002090360945044554i,-0.00005127400739585333+0.000010880772419270976i
-0.16712108623632374-0.4712405107724841i,0.00003039465811703421+0.00008812772382253356i,0.000016057803794764715+0.000046327091165412166i
-0.4477929037856273+0.22244246655647776i,0.00007858040581267164-0.00003815410620673894i,0.00004141945996188531-0.000020386101050287056i
0.2745489742271666+0.4178787499606882i,-0.00004427284264244475-0.000068662824790819i,-0.000023463319073825414-0.00003638588459093542i
0.3819283578127187-0.3226900999264543i,-0.000058696554911551925+0.00004875272113230787i,-0.00003097255772476751+0.00002561147528146542i
-0.3661742234148176-0.34046123276825213i,0.00005161755807544067+0.00004886243770556312i,0.000027236750351702323+0.00002557815829459994i
-0.2940810869906845+0.4043709762818954i,0.00003930558342946249-0.000053028792778982376i,0.0000206428502764402-0.000028144645890516998i
0.43672608957695813+0.24345416324965985i,-0.00005318020246574339-0.000030244732888476412i,-0.000028098573840389676-0.00001602133011571444i
0.1893096633914901-0.4627735192669281i,-0.00002187645356154784+0.00005218667501514397i,-0.000011501788389525842+0.000027405942892475932i
-0.4821414160130673-0.1324301261607745i,0.00005016824540111814+0.000014277349538386549i,0.00002641936763260827+0.000007353632777421235i
-0.07364144285437127+0.49454697933998665i,0.000007486801116057581-0.000047332353778481804i,0.000003862300765484084-0.000025038776666880985i
0.4998090127769318+0.01378950675296685i,-0.00004389313334310916-0.000001589082835768667i,-0.000023132307061315354-0.0000008771069961660197i
-0.04626380260345045-0.49785213903436654i,0.0000033561754404814946+0.00003999135080492323i,0.0000017952667304664024+0.000020956344763709176i
-0.4887094111130019+0.10565001832660735i,0.00003575692325127773-0.00000737936522484552i,0.000018782063652724056-0.000004004823112510062i
0.1635077089643802+0.47250930975402095i,-0.000010537614109519861-0.00003136599797145457i,-0.000005598129566253053-0.00001655118861170227i
0.4494840670381482-0.2190037209465538i,-0.00002698280098246054+0.00001285571033052916i,-0.000014182350519438155+0.000006728073134116297i
-0.27133981758544595-0.4199665305897138i,0.000014374218202043658+0.00002270676028547403i,0.0000075670603730437595+0.000011855817980966445i
-0.38438791381002824+0.3197582063393073i,0.000018618214805138903-0.00001519014442707861i,0.000009747417351752951-0.000008051461486201515i
0.3635566187311702+0.34325837117737756i,-0.000015410997104328757-0.000014816930803937223i,-0.000008118423226398134-0.000007805854187618093i
0.297170111398614-0.4021041404498815i,-0.000011383406381269165+0.000015115414840980695i,-0.00000596621991670174+0.000007903843461984829i
-0.4348480574799095-0.24678913790410134i,0.000014385078483398886+0.000008347974491387461i,0.000007544353908813176+0.000004328777128047823i
-0.1928477389425695+0.461312741823635i,0.000005723240180684618-0.000013328121868310818i,0.0000029809458681738498-0.00000702228302331525i
0.481113676623091+0.13612153250176978i,-0.000012048490725743473-0.000003528805025525101i,-0.000006321308614447448-0.000001866447145432351i
0.07742757237119205-0.4939657977690902i,-0.0000017679617558169911+0.000010622992253983967i,-0.0000009253735752243086+0.000005540691884193853i
-0.49968808401515985-0.017614354774014962i,0.000009121706091887499+0.0000004127919379881338i,0.000004768680394973845+0.00000019411730904950995i
0.042450157400531346+0.4981945382479114i,-0.0000005742037684399035-0.000007620338095533465i,-0.0000003041689951180215-0.0000040006906515355295i
0.48950488521631363-0.10190132723284809i,-0.0000061823806362367+0.0000012258659859223957i,-0.000003233777178346052+0.0000006251491066218743i
-0.15988340531923073-0.4737450476597239i,0.0000015827559302238728+0.000004848852986244091i,0.0000008195704592457678+0.00000252194840022317i
-0.4511475291566693+0.2155574737388426i,0.0000036508138377546974-0.000001697994241399718i,0.0000019041529110651297-0.0000008881317819703926i
0.268116080092177+0.42203502157286654i,-0.000001624566163894182-0.000002615105757670406i,-0.0000008410673417510024-0.0000013717406816979122i
0.38682625779653884-0.3168022117289616i,-0.0000017562128288572987+0.000001409037413879762i,-0.0000009189293271425701+0.0000007212111291659148i
-0.3609163532336409-0.3460300300939567i,0.000001097125059481059+0.0000010745219125946632i,0.0000005615259893045893+0.0000005603260419106576i
-0.3002403690830264+0.39981906274155105i,0.0000005633306872907854-0.0000007334713595657795i,0.00000029765484454579237-0.0000003743663399939412i
0.43294585348808623+0.2501149811276947i,-0.00000035605756133168176-0.0000002107731439663247i,-0.00000017799610965166122-0.00000011658950725463236i
0.19637583781935658-0.45981956007120706i,0.0000000020552597358987383-0.000000004497723546932233i,0.000012782888936731178+0.000005107696016354852i
-0.4800563807739455-0.1397996095536267i,-0.0000003230126844320222-0.00000009846443569999162i,-0.00000018234849324540977-0.000000044675077703457345i
-0.08120782479129371+0.4933609859137654i,-0.00000010316104459775138+0.000000581540276049931i,-0.000000046247263938811056+0.000000315671922209718i
0.4995391799815004+0.02144351426625391i,0.0000007699483746506049+0.00000004248842859684396i,0.00000041074729320804026+0.00000001625627901742546i
-0.03863268680115625-0.4985023697451195i,-0.00000005676939234978273-0.0000008835274285513884i,-0.00000003695399982114413-0.0000004655558116656629i
-0.4902703106501287+0.09815200351696124i,-0.0000009227310365219066+0.00000017092483167545607i,-0.0000004858232097901712+0.0000000988747869942078i
0.1562510586170111+0.4749583413869003i,0.00000027952394343824967+0.0000008946308762744948i,0.00000015324215042469624+0.00000047233838607515446i
0.45278586328830933-0.21209323769977856i,0.0000008108101134476284-0.00000036408894631515027i,0.0000004256840913569104-0.00000019392912039758326i
-0.26487528012265305-0.4240734121938475i,-0.0000004099720397766165-0.0000006843262019565417i,-0.0000002183971768421616-0.00000035644022158950956i
-0.38924057602196793+0.3138329788707782i,-0.0000005301308046080199+0.00000040853047368858i,-0.00000027675156619137884+0.00000021843121338956674i
0.3582562525167954+0.3487867363214593i,0.0000003555497114530135+0.00000036546238083091534i,0.00000018837615427324817+0.00000019192706690810664i
0.3032943506714255-0.3975051878116224i,0.00000020721705162068295-0.00000025003706715635845i,0.00000010819813294118635-0.00000013122984372630018i
-0.4310169184584555-0.2534208084505508i,-0.00000009537603180362259-0.00000007024908700719145i,-0.00000005021981943620911-0.00000003634638268495033i
-0.1998910823488804+0.45830475097953544i,0.00000003197764726256096-0.00000010079174026518774i,0.000000016455649265559827-0.000000053193882308855286i
0.4789722612065868+0.143474830951268i,-0.00000032857067534215266-0.00000008817505452693798i,-0.00000017274956670553066-0.000000046331348965839666i
0.08498464909540826-0.4927218898679331i,-0.0000000908197915839678+0.0000005759138351145966i,-0.000000046973145361717654+0.0000003008921149780421i
-0.4993596386881002-0.025266071236340115i,0.0000008285822091735768+0.00000003540758494426417i,0.0000004339935877629804+0.000000015552002543385473i
0.03481428545222151+0.498786304852301i,-0.00000008008364899681234-0.0000010724422455434404i,-0.00000004379318030251273-0.0000005644553800546496i
0.4910083132384752-0.09439157772320082i,-0.0000012946881977558369+0.0000002532262812495202i,-0.0000006790561754649846+0.00000013087292778707592i
-0.15260821120115617-0.47613843038329107i,0.0000004772987364576059+0.0000014820361306266135i,0.00000025007410988962176+0.0000007729009050025718i
-0.45439630260965125+0.20862190541707665i,0.0000016216589872770186-0.0000007445767710107911i,0.0000008484674385461361-0.00000039453308783671053i
