signal_1,signal_2,signal_3
-0.10677500796748865+0.48846581994998306i,-0.002820099015526826+0.012124433812508278i,-0.001635006438880062+0.0068741510694113215i
0.497746174962298+0.04741326240043045i,0.013337409419098119+0.0014284327517975891i,0.007543821592671915+0.0008903147217757263i
-0.012635355223844597-0.4998374404609237i,-0.00020601143584805172-0.01441350167385864i,-0.000051775701841015695-0.008118934433954773i
-0.4947141596784707+0.07250254368517722i,-0.015296250170188437+0.0020777909558647315i,-0.008649655897058654+0.001148133378727978i
0.13131982252402521+0.482446810457973i,0.0041819928480795856+0.015948695692730823i,0.002308011866022429+0.00907229494267036i
0.4632108061944756-0.18824028873284734i,0.01634347859693925-0.00648592189170065i,0.009276520143578293-0.0035594512169636753i
-0.24244502560796438-0.4372842901539965i,-0.008941381115250188-0.016433859573821017i,-0.00497593910102682-0.009286228511521064i
-0.4050466182629397+0.2931493673965183i,-0.016168072683486447+0.011516652906708565i,-0.009178319261367661+0.006486307462234647i
0.33961792480940645+0.3669596876219993i,0.014183022881251374+0.015524212837586175i,0.00796103666756097+0.008883880149149533i
0.32357179526596574-0.3811813332046214i,0.014496372333525978-0.016879284259750618i,0.008278717073261208-0.009426498093957193i
-0.4172432231852541-0.2755099116213099i,-0.019528860788418125-0.013057562939884417i,-0.010966208230569475-0.007412552443012001i
-0.2234728863488792+0.44728015226375917i,-0.011177988962412906+0.022080699677043354i,-0.0064016381780729326+0.01248326180908308i
0.4708559261623927+0.16820877530192185i,0.024492232682084038+0.00886812095919962i,0.013812114537366858+0.00517983221148247i
0.1105135912823042-0.4876310540261026i,0.00615987281551904-0.026685829519229796i,0.003615861816002717-0.014986023641983192i
-0.4973677893794661-0.05122132555225231i,-0.028571152012651875-0.003060174897272016i,-0.016109266570518158-0.0017947952561638194i
0.008807491398655914+0.4999222285705373i,0.0004267841870246687+0.03009560135248791i,0.00011818076408815375+0.017067640743676008i
0.4952555880597266-0.0687088356233484i,0.031222922488867936-0.004247906447793045i,0.01766841029416622-0.0021824101941703136i
-0.12762035376734238-0.4834357369935041i,-0.008325888443885454-0.031880532416360796i,-0.004534102453894631-0.017965401628208272i
-0.46463825497356065+0.1846898136150345i,-0.031987185618776726+0.012616074547165993i,-0.018098905043393777+0.00704932299662455i
0.23908950254782976+0.43913097442028454i,0.017080059694617695+0.031513272616274686i,0.009511267546389205+0.017949711239509107i
0.4072805647450345-0.2900359326409708i,0.030454036952519775-0.021624979644752233i,0.017310055417521775-0.011975720174156667i
-0.33679683804306126-0.3695473102830364i,-0.026134736321781444-0.028766592157561582i,-0.014589302903095248-0.01626953777251357i
-0.32648103512356297+0.3786946643865243i,-0.02640274097953181+0.03053797063160398i,-0.015020106443500344+0.017194238187835355i
0.41512156916450904+0.27870008102706645i,0.03477703622829443+0.023379146340394348i,0.01952848260865369+0.01344923002805251i
0.22689261425597335-0.44555283076104657i,0.019744066999927312-0.038737557795781495i,0.011344852984068864-0.021655907768046045i
-0.4695531816960105-0.1718073495104473i,-0.04228638080425498-0.015502976990427995i,-0.02374715308141765-0.008843821342867635i
-0.11424435674537867+0.48677302940029754i,-0.010656323528764191+0.045350824733479456i,-0.006200278640696008+0.025623913498767092i
0.4969615646282617+0.05503172886232316i,0.0478822159699953+0.005279481560558536i,0.026993478378682923+0.00331414367664424i
-0.004977775583759114-0.499972347621199i,-0.0005178815328219714-0.04977485425858162i,-0.000026852678642718017-0.027945753268796784i
-0.49576663044757135+0.06491644193987478i,-0.050910422696218476+0.006678283934029848i,-0.028694258956482734+0.0036360156936200826i
0.12391473443510792+0.48440165091542414i,0.013153774328935506+0.05124813816583232i,0.007196521128655412+0.029058116367650988i
0.46603978442867694-0.18112316029671321i,0.05078180079871675-0.019816194501580883i,0.028732443730547477-0.010800229917817325i
-0.2357186196483234-0.4409465555124147i,-0.026505595486825097-0.04944728528543629i,-0.014665774895192314-0.027852095808475596i
-0.40948928566020193+0.2869108296902022i,-0.04717281742655263+0.03312886018999734i,-0.02669167393168914+0.01856570049212141i
0.33395733085651363+0.3721186007817001i,0.0396118400075232+0.04397924841120579i,0.02213225404074834+0.02508399815818014i
0.32937245966386713-0.3761804374588014i,0.039929619408139876-0.04579962001471624i,0.022727806431998152-0.025464102261848073i
-0.4129742296403075-0.28186855779133557i,-0.05151247913647681-0.035024578290191316i,-0.028802545263478155-0.019815715005995656i
-0.23029769776704548+0.44380471877488264i,-0.029257873690929193+0.05665592100335074i,-0.016693737773459057+0.03189892011134213i
0.4682242296065826+0.1754011905592715i,0.061166920242272646+0.02272586456691545i,0.03435643701004281+0.013216123443098101i
0.1179697562402445-0.4858811070194068i,0.015568999375419936-0.0649038025741489i,0.009091676686353266-0.03630277245164127i
-0.4965248538147138-0.05883355943749631i,-0.06770890146941184-0.007855202070958925i,-0.0380238320755194-0.004571291134879381i
0.0011491031443281174+0.49999848405608016i,0.0003598188111585728+0.06952856459418301i,-0.00006914712393652618+0.03927416789361367i
0.4962499275875982-0.061114895705400414i,0.07035265604926166-0.00891455043634648i,0.03965364666543843-0.004544449965203483i
-0.1202005111687715-0.4853338061822426i,-0.01760817469612811-0.07009373868518064i,-0.0095573050739902-0.03934092693463081i
-0.4674126416268621+0.17755122737317808i,-0.06865522379788927+0.026328261050525218i,-0.03868615471080012+0.014674542909290504i
0.232335245360463+0.4427416163153359i,0.034985616523188226+0.06605952532953746i,0.019432175158976366+0.037467986125195404i
0.4116753221718482-0.2837635524730115i,0.06238016675445633-0.0433881803543607i,0.035303810668032606-0.023962171516388714i
-0.33109689908692885-0.3746627189085477i,-0.05131457866000896-0.057610418035349574i,-0.028567530722767773-0.03243625688283415i
-0.3322432285598608+0.37364948928366915i,-0.05173576209180739+0.05865100300638454i,-0.02928844291491157+0.032935647356618435i
0.41080400129323325+0.2850258454411032i,0.06532081845055449+0.0448683790262777i,0.036582235653373235+0.025672380312345713i
0.23369060786943302-0.4420252294627248i,0.03717181701491541-0.07115059953056543i,0.021231387631367588-0.03966727628814752i
-0.46686647712534735-0.17897939825832562i,-0.07594916877471725-0.028720079521824926i,-0.04253298453255288-0.016269439214428756i
-0.12168690052069897+0.4849660285847356i,-0.019573602902292896+0.07965107643847538i,-0.011274695465797438+0.04487941403967818i
0.4960603532775889+0.06263728365357904i,0.0822404913236466+0.00991859666062451i,0.046234085642131606+0.006085774296822668i
0.002680972060155301-0.4999899469590259i,-0.000014891359326571947-0.08360974005880839i,0.00036454816989591176-0.046808737853823904i
-0.4967027804083862+0.05731510929353539i,-0.08364199992155553+0.010101410966609081i,-0.047004566655573954+0.0055433729443027345i
0.11648057255896183+0.4862428374987756i,0.02024091910493498+0.08235856110874394i,0.01110956574175636+0.0465586593952839i
0.46875941676149807-0.17396353498331735i,0.07983688781079311-0.030215610557441066i,0.045034878660907156-0.016489936341861675i
-0.22893690742349432-0.4445053621515769i,-0.0397767778010232-0.07606258935600424i,-0.022024412826809392-0.04270868669761208i
-0.41383587532950694+0.28060497498498904i,-0.07101413668818515+0.048797827491973395i,-0.040046494572649353+0.027357717508291145i
0.32821838124335506+0.3771902048141056i,0.05719181591387323+0.0648113415791015i,0.03195678333296839+0.03683219718659073i
0.33509584414063304-0.3710912789380789i,0.057628221112697754-0.06476521542504605i,0.032675148649221254-0.036000062468823577i
-0.4086083407019884-0.2881610693935881i,-0.0713074808087085-0.04954023258311553i,-0.039854335533182655-0.027908458422840992i
-0.2370684748200496+0.4402251565886538i,-0.04060990576829756+0.0767451870722744i,-0.023051393817599592+0.04318916869917417i
0.4654826746174028+0.18255245210065635i,0.08105624730141789+0.031034544703251912i,0.04550302340244894+0.01792634655188027i
0.12539824226926358-0.484017158389777i,0.02105542683270332-0.08412151269787332i,0.012179682942616996-0.04702103430297956i
-0.49556541954124805-0.06643198900920572i,-0.0858147717813362-0.01080311551301608i,-0.048155793125718334-0.0061780311719133105i
-0.006509554643435694+0.49995742621385164i,-0.00038347551189012126+0.08615457413411769i,-0.00046397200241772243+0.04862767669292403i
0.4971278330688038-0.05350661620856598i,0.08521554549659209-0.009976800542982023i,0.04799259612438034-0.005124761431089989i
-0.11275246608706688-0.48711800216014434i,-0.020022383242041683-0.08297928200872283i,-0.010926478137672788-0.04653260429171498i
-0.4700773601113939+0.1703709829565324i,-0.07942291090952527+0.029622352590438248i,-0.044709774618363333+0.016576662121801772i
0.22552647589888886+0.44624837894663183i,0.038683990136880904+0.07466566610704682i,0.02154851597865665+0.042304437601112126i
0.4159734891220016-0.2774245931184782i,0.06887848583709405-0.04701049074470158i,0.03893836628496383-0.026018017341056004i
-0.3253192754512393-0.3796902208584144i,-0.05439192884784366-0.06213649947051732i,-0.03033348319791572-0.03494146777078342i
-0.3379274683556166+0.36851664586421995i,-0.05450493534008142+0.060752813869461755i,-0.030809640218728993+0.034168793054468814i
0.4063900473815668+0.2912847351263151i,0.06606594992217635+0.046178260785107124i,0.037050405509190504+0.02637317191835216i
0.2404337712026983-0.43839391635804137i,0.03739006999029497-0.07021453729583456i,0.021309621133995982-0.03919153932069754i
-0.4640702325313953-0.1861094531155283i,-0.07307945615021925-0.028270302465398692i,-0.04096829425860764-0.01596972055498133i
-0.12910089306433342+0.4830452414762728i,-0.018927908808556763+0.07467772485332318i,-0.010850936241289766+0.04211863255168484i
0.49504275235968964+0.0702281422981342i,0.07507717045096367+0.009581061559907502i,0.042247395902063216+0.005808937135082273i
0.010339090751302682-0.49989023434510643i,0.0004699343721222317-0.07426456662429162i,0.0005541772974433012-0.04161332092952972i
-0.4975223899139266+0.04970032923158918i,-0.0722273442363318+0.008277640896251924i,-0.04062175448383023+0.004579095516091084i
0.10901908115807443+0.4879699382141117i,0.016567000364820485+0.06908000493479101i,0.009132093641653453+0.039082208903727586i
0.4713690650910601-0.166763092641184i,0.06498108525125454-0.024216468671796304i,0.03668422619017281-0.013253099766752536i
-0.22210148011301145-0.44795987507582i,-0.031038918228441546-0.06000970640988964i,-0.01722416174518054-0.03372054745612952i
-0.4180853674392395+0.2742332828109175i,-0.05424057739691013+0.03696385170753331i,-0.030607783339862183+0.02076373600620525i
0.322402422488165+0.3821733097789352i,0.04196205102217537+0.04785625536077113i,0.02348841920267065+0.027214934276477712i
0.3407406058300448-0.3659150517015074i,0.04106863316662867-0.045936560927017485i,0.02330379644114306-0.025572883868500176i
-0.4041465807300596-0.2943859700286934i,-0.04879612355465259-0.034006983761530454i,-0.027308275091553653-0.019172120792268876i
-0.24378362889405464+0.43654230557056684i,-0.026785798529929124+0.050561550630760774i,-0.015214010234324532+0.028489729037251173i
0.46263190444039914+0.18966088203992695i,0.05129500912652456+0.019601538606645274i,0.028831882845990968+0.011331851733415296i
0.13279730643858687-0.48203964547174016i,0.012661377525203025-0.05100371341967577i,0.007335050131015522-0.028541913648413006i
-0.4944897116692065-0.07401483146309346i,-0.04970345919184243-0.0060862609392559495i,-0.02791948255476315-0.0034883528829722566i
-0.014166685029123077+0.49979906467717006i,0.00002850868215180024+0.04750658611993318i,-0.00012312872254522912+0.026841026327595052i
0.4978890985221411-0.04588578224820031i,0.044557445556278996-0.00553293479986257i,0.025121932244823775-0.002854506837006225i
-0.1052779660421046-0.48878790630488594i,-0.010283522102675021-0.040950977445912466i,-0.005613481805386585-0.022987770960008626i
-0.4726317852096034+0.16315076505144047i,-0.036785428204495325+0.014221681780544651i,-0.020726513557177827+0.00795721713024459i
0.2186647916910266+0.4496504395294916i,0.01732055782334304+0.03223012649924572i,0.009651772777660024+0.01828060516555322i
0.4201740571252057-0.27102054187468777i,0.027469417776809318-0.01952196467062425i,0.015549774365911881-0.010808532487009581i
-0.3194653227282359-0.3846286365399404i,-0.020785127542042696-0.022638904869752036i,-0.011590412548862635-0.012746810260752492i
-0.343532420829051+0.363297338436932i,-0.01786720938151842+0.021143523632027608i,-0.01011274390018858+0.011889985060272893i
0.4018807430666617+0.2974752815719718i,0.0206597737368013+0.01332263082981814i,0.01158924756138807+0.007627230191530837i
0.24712052212088423-0.4346597434547059i,0.009168316387372253-0.019381046905947243i,0.005246320062352237-0.010820498317630465i
-0.46116510399141497-0.1931958411715878i,-0.01737378126409177-0.005519262460666656i,-0.009737791440346555-0.003131264112190886i
-0.13648459484608494+0.48101111874533575i,-0.0024734248227978213+0.01475682961374556i,-0.0014362878948843104+0.008322786845192628i
0.4939090006322268+0.07780252376805313i,0.011665846210815881+0.00013688767338125238i,0.006570171405866366+0.00014743081942965614i
0.01799478368065749-0.4996732331748123i,-0.001406953121991406-0.008228891896342707i,-0.0007506667074764448-0.004615455011065149i
-0.49822526666086003+0.042073888394606074i,-0.004586608782530735+0.0021166958988149964i,-0.002580792235707281+0.0011817446875327863i
0.10153201090720482+0.4895825478352579i,0.001972210397302268+0.0009006431246636707i,0.0011098340284646773+0.0005161207181546424i
0.47386811712081106-0.1595235226956554i,-0.0026702568767310074-0.0009711917167317779i,-0.0014943777176785267-0.0005625766803885112i
-0.21521394149947276-0.45130928375970736i,0.0008562490949609101+0.005972217080359493i,0.00045809573101374584+0.0033463593086938102i
-0.4222367649395907+0.2677972481453411i,0.008850181675968712-0.00345417447513904i,0.0049867365963833935-0.001927253181841685i
0.3165108191776799+0.387066746500268i,-0.006750883041697774-0.011164201573611763i,-0.003750742671370258-0.006330944927356647i
0.3463054203129912-0.36065297023690035i,-0.012798937603999+0.010640146136252705i,-0.007239331073844931+0.005887426625551553i
-0.3995899965783133-0.30054179916070267i,0.014983984005160557+0.013640872971043008i,0.008354318378462289+0.007678478744222934i
-0.25044158442593073+0.4327570298205691i,0.013585383168719704-0.019646148225782513i,0.00770331572073914-0.011032883699310887i
0.4596725879460609+0.19672481254042623i,-0.024490397635183257-0.01257701816508381i,-0.01371158032791132-0.00722788945195232i
0.14016521272063093-0.4799490322451863i,-0.010602043065748296+0.029338582522130553i,-0.006088272440597192+0.016358466844643465i
-0.49329798258977053-0.08158030765204577i,0.03399060461498828+0.007639015583618924i,0.019036032724744918+0.004352516501184264i
-0.021820491435591477+0.4995234366020866i,0.00367801391466099-0.0382843655755299i,0.002209631851409123-0.021561607539103193i
0.4985335453334249-0.03825418188528858i,-0.04208030419880779+0.0012160180386326257i,-0.023639910442366196+0.0004089223691588412i
-0.09777876476083638-0.4903431268102083i,0.006929411338168158+0.04519505603634454i,0.0036762965835172795+0.025286693194942256i
-0.47507531758185473+0.15589226772314574i,0.04743722704871014-0.01337655486741332i,0.026648937271824213-0.007414283208579531i
0.21175180268007765+0.45294699984526476i,-0.020468862903483057-0.04869210252841944i,-0.011298138335267984-0.02752068350357572i
0.4242760406106165-0.264552901311337i,-0.04889011542406499+0.02802905667742396i,-0.027565625774746555+0.015383917222336105i
-0.313536414419103-0.3894768072625603i,0.03583626541892415+0.047914974527269644i,0.019862630584471564+0.026887434470618577i
-0.3490567709014082+0.3579927915974367i,0.04565322282061449-0.043729243226137436i,0.02575398885402404-0.02446448424446455i
0.39727714635754335+0.30359603230257876i,-0.05156294538053789-0.042101214458910304i,-0.028755201108565723-0.023972439901730574i
0.253749291725036-0.43082358689421557i,-0.037315583828086515+0.059100701106401116i,-0.02120112068117439+0.032807155381146945i
-0.4581517731298872-0.20023689976149017i,0.0660769004851516+0.03129564729367176i,0.03685945172780484+0.017656953057498686i
-0.1438362734428165+0.47886413765405983i,0.024044810843649414-0.07232395694149171i,0.01374621291262571-0.040591670100180034i
0.4926593641050932+0.085358650901406i,-0.07771510814717612-0.015697195755955875i,-0.04350705702632002-0.009305919936588126i
0.025646254608345548-0.4993389943626918i,-0.006449429166169235+0.08203456533342351i,-0.0040035562590120585+0.04573681365562256i
-0.49881124573462415+0.03443757615910066i,0.08505506808612678-0.00358123026495559i,0.04760791299969296-0.00183282517652338i
0.09402111848262656+0.4910802879988523i,-0.014284808752159879-0.0866845286497215i,-0.007670803155596911-0.04879840610631091i
0.4762559865031862-0.1522465237525049i,-0.08689352037299032+0.025414555747878566i,-0.04880133438526211+0.013654404991077663i
-0.20827590759224587-0.4545528023381979i,0.036672683669698926+0.08556397325974759i,0.02011949281228492+0.0478455205430852i
-0.42628909379649343+0.26129838106216186i,0.08257829789588753-0.04787302740829002i,0.04637706060214267-0.026659191148266925i
0.31054495364696477+0.39186936684086227i,-0.05885843962166023-0.07798104808321003i,-0.03265712040530316-0.04411112543763398i
0.35178898192821356-0.3553062691758754i,-0.0718903518709929+0.06934097796728977i,-0.040569517616091025+0.038273571220866i
-0.3949396573489479-0.30662711245977625i,0.07900218512070421+0.06432705752090066i,0.04388142402962625+0.0360957717957139i
-0.2570407792729281+0.4288702174703156i,0.0553124653057023-0.08767117992509088i,0.03126090162866974-0.04904819428206076i
0.45660541947288+0.2037425862063122i,-0.095231006029451-0.045040600171485874i,-0.053134024390909605-0.02583006079759722i
0.14750023239832585-0.47774580922650234i,-0.033774492441292804+0.10144464048641584i,-0.019365775699244185+0.05636050384713217i
-0.4919905119159427-0.08912664250356186i,0.10606559544200307+0.02165967305842979i,0.05917628904717863+0.01231082810768454i
-0.02946917806559879+0.4991306066586626i,0.008828551311603244-0.10902497922488438i,0.005333119857086755-0.06117898038882387i
0.49906102229739197-0.03061360570691335i,-0.11032643765076358+0.004420308892099773i,-0.06176447780771007+0.0017702889382796992i
-0.09025662176581412-0.49178329877784444i,0.017738128163503612+0.10986025968228477i,0.009413748927806574+0.061250231645138764i
-0.4774073839070493+0.14859719401831475i,0.10751986916831253-0.030922055643584766i,0.06018429273228191-0.017101634165555404i
0.20478913084678518+0.4561372864286187i,-0.043805031470591366-0.10339134794373585i,-0.024126418587002756-0.05823216454338653i
0.4282784771380779-0.25802318891795634i,-0.09763777331853156+0.056072345037737135i,-0.054863837289129976+0.030700105918714363i
-0.307533941611703-0.39423359550970416i,0.06738517257494765+0.09030524916370221i,0.03725064090262944+0.05049897878163373i
-0.3544992224055137+0.3526042499409171i,0.08144162564293866-0.07757879930705754i,0.0457776904932393-0.04329256929840217i
0.39258033738687215+0.30964555121867154i,-0.08654710552038208-0.0712828627864544i,-0.04814871014400265-0.0404396503161691i
0.2603185247202405-0.42688634674628867i,-0.060129419827083856+0.09405764403026076i,-0.034034959769615174+0.05208539710803271i
-0.45503094695858776-0.20723097685578404i,0.09987739754747728+0.04815004765150227i,0.05558034801189179+0.027056325382631547i
-0.1511542039449273+0.476604801944312i,0.03550035363819364-0.10396504128365673i,0.02019332322497093-0.058216226548932784i
0.49129413597800115+0.09289475081924228i,-0.10635090182414206-0.022501678605452446i,-0.059406721429368536-0.013233717094846949i
0.03329170828509273-0.4988875963305276i,-0.009514075547138769+0.10695399063572135i,-0.005783444026904447+0.059500368889489196i
-0.49928018964812515+0.026793184217693215i,0.10570499209316433-0.0032545050412258066i,0.05903949554679547-0.0016496954444840321i
0.08648816614996105+0.49246280729312597i,-0.015631094500655193-0.10272522102683183i,-0.008394723405636195-0.05770752818574517i
0.47853211297718296-0.1449338031993957i,-0.09820427708050797+0.027309618877714752i,-0.055041346597271563+0.014661374300019422i
-0.20128900624830798-0.457689669791035i,0.037975589013451126+0.09222397643195886i,0.020827478711554624+0.05146649500606645i
-0.4302414032201573+0.25473820637752603i,0.08487484351797417-0.04748294575534519i,0.04757028164879491-0.026438240210805125i
0.3045062256550812+0.39658004397154234i,-0.05573935339071897-0.07641591477713289i,-0.03091459156829835-0.043133903657619925i
0.35719000407865076-0.3498762030041762i,-0.06715409890672418+0.06255196897947764i,-0.03781396449004911+0.03450732715478854i
-0.39019665414172744-0.3126404821410622i,0.06774396806072039+0.05728168009859984i,0.03761104808658442+0.03207185626389851i
-0.26357966507919856+0.42488278047479094i,0.04698409569431551-0.07130907197186696i,0.026486093205592146-0.03987906437183223i
0.45343111866444213+0.21071255647142786i,-0.07330089505773946-0.03657638758315927i,-0.04087994741362913-0.020900973746703848i
0.15480064447071926-0.4754304933534851i,-0.026389785220614977+0.07369631758488744i,-0.015060352420234475+0.04092562751524376i
-0.49056760641694447-0.09665206543623417i,0.0724990161325548+0.016630753999774272i,0.04043392399669919+0.009395731738243209i
-0.037110950323144626+0.49862066701579977i,0.007478910349511424-0.06986460419445632i,0.004402889680185383-0.039189893641981235i
0.4994714056531808-0.022965846406136102i,-0.06599709554581586+0.0008029198231650131i,-0.03693152138985628+0.00006030655536297426i
-0.08271330196235907-0.493108084303134i,0.007968742594334001+0.06103493709890933i,0.004205716799954565+0.03401574345255802i
-0.4796274370171431+0.14126725556545655i,0.05513836929630301-0.013900457699783686i,0.030853608876361377-0.007700635965153554i
0.19777840982887376+0.4592205507490111i,-0.018520782728944106-0.048579953878928855i,-0.010203730114294405-0.0273476204866645i
0.4321804276239363-0.25143293674786527i,-0.04165283236054092+0.021712342535310666i,-0.023389489676641662+0.011884845627897173i
-0.3014593126541892-0.39889788520568703i,0.02339866660202738+0.03458586194923956i,0.012942004662603448+0.01933000812459782i
-0.3598584983898884+0.3471329777700926i,0.02761328712310351-0.023617724713737277i,0.015511297681942586-0.01319010778915769i
0.3877914181575146+0.31562241893376175i,-0.022447460437493447-0.02102720109588518i,-0.01248938329716248-0.011909151250206864i
0.2668266797805373-0.42284894679768215i,-0.015103452084621638+0.019957366981728293i,-0.00852660519617332+0.011049909705759012i
-0.45180335771069996-0.21417643144819049i,0.016266217357901985+0.01005321680529966i,0.009055143078968963+0.005637011926097827i
-0.15843666936106343+0.47423364171949683i,0.006074512489722334-0.01157200635554386i,0.0034363244954067414-0.006479937965826093i
0.48981363657168653+0.10040905534155543i,-0.006093310914051612-0.0033643091227628544i,-0.003394662967988011-0.0019193478661131535i
0.04092935087343977-0.49831914498893376i,-0.002068191863020102+0.00005780629838785891i,-0.001152425784374044+0.000023299324983207285i
-0.49963198837399264+0.01914250615873047i,-0.0062655634377415835+0.00227571828851606i,-0.0035043265251849115+0.0012633217608276892i
0.07893492135070335+0.4937297813403494i,0.00405338432103913+0.012584350595092178i,0.0022333792505402263+0.007080799005186016i
0.4806959624998122-0.13758707680528212i,0.018620644169101763-0.007414410411324953i,0.01045585565469988-0.004036270300940109i
-0.19425487679030573-0.46071915012130005i,-0.012297438187821872-0.024080029394117356i,-0.00677185975802049-0.013452423812464687i
-0.4340927658881504+0.24811826329206021i,-0.028645466522238806+0.01861206068098182i,-0.016064344339432813+0.010380743141166129i
0.2983960520566641+0.40119767263558237i,0.026251962412665815+0.032045080967362305i,0.01459226942498504+0.018107450978165848i
0.3625072195333098-0.3443640457673362i,0.03406376251371594-0.03501990308704193i,0.019206800141325902-0.019353006063685414i
-0.38536209979798036-0.31858049729969495i,-0.044638979886920116-0.03446338479359614i,-0.024802769872915457-0.01930972849672851i
-0.27005670763908207+0.42079565439833844i,-0.033002105217108856+0.054852996409138766i,-0.018614871950249606+0.03069513236533259i
0.45015043030057805+0.2176330879856312i,0.06541693797361972+0.02955330573697477i,0.03651374756322086+0.016923120170488613i
0.16206473605677096-0.4730036278640532i,0.02408478831159702-0.07597370198602653i,0.013791398263612734-0.042214665055389206i
-0.48902959994623835-0.1041548107751755i,-0.08609923969624599-0.0165242660440832i,-0.048025614818556606-0.009360078463287229i
-0.04474401523453336+0.49799373731961327i,-0.006803372619403731+0.09546035035343825i,-0.004098726824640324+0.05355607383647427i
0.49976459911336735-0.015312698361380167i,0.10377797066441327-0.0049714832294660396i,0.058091988008887284-0.0021650255680319835i
-0.07515057522446461-0.49431717255430685i,-0.018577252942497142-0.11065124673227779i,-0.009910041659478154-0.06167100006656025i
-0.48173495602552835+0.13390417217332606i,-0.11563578283365052+0.03386826825173912i,-0.06468805158495591+0.018767961436470814i
0.19072128453775236+0.4621960693863199i,0.05070724154726298+0.11845951166294687i,0.027970687032898216+0.06667987671964867i
0.43598097656137674-0.2447836910587105i,0.11895310741757255-0.06874131545837034i,0.06680742354302473-0.037663033617125065i
-0.2953139528245682-0.4034685819775747i,-0.08750038056245592-0.11681658493562855i,-0.048369973241406676-0.0652763345036993i
-0.3651333414183593+0.341580258798577i,-0.11172853402309207+0.10665336315584349i,-0.0627359146348256+0.05950906650005764i
0.38291151228398307+0.32152523310736747i,0.12591218777296112+0.1036193790687671i,0.07003708458254967+0.058723942025618814i
0.27327222991056055-0.41871233433544724i,0.09256312907104498-0.144752668467945i,0.05234658885155549-0.08011878182423668i
-0.4484697626690142-0.22107163394063162i,-0.1625531913302484-0.07848223838145336i,-0.09038222687264995-0.04404894464269674i
-0.16568196102097332+0.4717512133201813i,-0.06128553019071099+0.17891358639589042i,-0.03479987357691897+0.10009288427326023i
0.48821821325275516+0.1078998014021496i,0.1935280681490265+0.04119769579802435i,0.1080026361709942+0.02418497431742436i
0.048557390368627884-0.49763377371250833i,0.018607880252949485-0.2058480963885829i,0.011294663763796123-0.11438191965538352i
-0.4998665593703977+0.011487337045457416i,-0.21525903486147374+0.006289787463537411i,-0.12005194304395699+0.0031577027607964394i
0.07136315628752823+0.49488091287294395i,0.03333077668580234+0.22145964113946964i,0.017866635888794797+0.12421787709015199i
0.48274702737140157-0.13020806831783982i,0.22429867050624328-0.06199516917070994i,0.12552262789291857-0.03320151624755686i
-0.18717516962192293-0.4636405325281012i,-0.09160416486899967-0.22337670487904995i,-0.05009972587684658-0.12444026986020075i
-0.43784227816297605+0.24144010502973046i,-0.21825668878721455+0.12174385471277027i,-0.12207973053227458+0.06760928576476236i
0.2922158664694875+0.4057211694080326i,0.1520714642951504+0.20890052029271827i,0.08413172239917446+0.1176763387609268i
0.3677393807245959-0.3387710907717498i,0.19546399743018508-0.1818747393702324i,0.10985312501964854-0.1000502266041018i
-0.38043712863949364-0.32444576424183463i,-0.21031215614144574-0.17783565671269363i,-0.11639554721135584-0.09936344094614759i
-0.27647038725707684+0.4166097981951503i,-0.15587681330596367+0.23689793965459052i,-0.08766815275325247+0.13206182587853235i
0.44676412412261773+0.22450255699849703i,0.2612769064093089+0.12991128653850376i,0.14525455846714191+0.0740877082761265i
0.16929080279724518-0.4704657821687883i,0.1004750686139747-0.28272733868329625i,0.057274439179337465-0.15647136109693674i
-0.4873768533631975-0.1116331181662991i,-0.3004403635487643-0.06779258486249402i,-0.16693720168389986-0.038283029270138755i
-0.052366581869058265+0.49724996466536064i,-0.032043150218002726+0.31406049401672287i,-0.018931043203254873+0.17550840129538975i
0.4999405338865586-0.007655957215417763i,0.3234245925787763-0.006099516554714604i,0.18031753555983254-0.001381084656000981i
-0.06757021597953355-0.4954102798454126i,-0.045763294512609125-0.32800751302104986i,-0.02398373763226674-0.18208669372556058i
-0.48372944644924837+0.12650967142740863i,-0.3272341098227483+0.08646020349318964i,-0.18233640260606285+0.047568221302983923i
0.18361941077257035+0.46506314420057693i,0.12779425058410646+0.3210680306968069i,0.07002653614682021+0.17999472507966402i
0.43967923223522676-0.23807701194966896i,0.30971056319843115-0.1688742931748163i,0.17323150602662551-0.0919479163269013i
-0.28909930399628847-0.4079446134119532i,-0.20865213965985455-0.2929899202884394i,-0.11471846287503812-0.16307233016462144i
-0.3703225138650887+0.33594739584968336i,-0.2706991552716681+0.246556574250669i,-0.1513949632164815+0.13688453355903502i
0.3779417647288032+0.3273526087740413i,0.28217377045405273+0.24322590706373357i,0.15617246635155332+0.13726321632617897i
0.279653662803814-0.41447747992466744i,0.21120912280675844-0.3146138232451099i,0.11894403009641859-0.1732754349051396i
-0.44503094398824833-0.22791496652557958i,-0.3428838654741478-0.1748759153472306i,-0.1897451422045078-0.09778047980381825i
-0.17288837897641+0.4691580991935609i,-0.13440030727321092+0.3665635615057858i,-0.07599892278567869+0.20412298380923216i
0.48650824035218027+0.11536523146230421i,0.3854549859000539+0.09056793244549755i,0.21411845953083902+0.052791961439196664i
0.056174037019052964-0.49683164330853935i,0.04439242518759007-0.3989044299777697i,0.026511836194785258-0.22064834578549383i
-0.4999838476004182+0.003829472994846001i,-0.4062015323521724+0.00359235037811894i,-0.22553557186443673+0.0012456762245478682i
0.06377464750848269+0.49591593180322746i,0.05295505501832127+0.4072852417251098i,0.0279929805866501+0.22744298867955706i
0.48468482635471477-0.12279850905902713i,0.4023606393932945-0.10267137856772376i,0.22419084596257263-0.054487252855721445i
-0.18005154584064978-0.46645313157334456i,-0.151541942095479-0.3911795949523415i,-0.08236987357463564-0.2169993775981248i
-0.4414890603040912+0.2347052984734125i,-0.3734571802314558+0.19893333515543896i,-0.2080203775497476+0.10992231501927506i
0.28596711893809734+0.4101494729499196i,0.24438209467564817+0.349598070334197i,0.13454274012754308+0.19610876117193957i
0.3728852600410243-0.33309865028122754i,0.32028042499719656-0.2868713180111377i,0.1792621994716761-0.15706199431450663i
-0.37542289620237-0.33023490681166423i,-0.3252735023209103-0.28570233949517204i,-0.179230855624237-0.15901021605709853i
-0.2828191991044+0.41232619398427006i,-0.24600901301328573+0.3591114249613049i,-0.13781353011566355+0.19936538573903076i
0.4432729946527861+0.2313193517402913i,0.3881418531889445+0.20203194827449303i,0.21491505827645077+0.1147101764534052i
0.17647714925459834-0.4678175517173344i,0.15484393984429962-0.4116074038761848i,0.08786223439148838-0.22690886361430213i
-0.48560975444843696-0.11908523298934326i,-0.4286936791853544-0.10498207034244612i,-0.2373139161342907-0.05903083262961067i
-0.05997686175920092+0.4963895235629271i,-0.05288219900344232+0.43929672134767495i,-0.030884732179331412+0.2446167359122625i
0.4999991686935315+0.0000025805459354976204i,0.4435857892703938-0.0003739991170747596i,0.24645356577129784+0.0025610763749761875i
-0.05997400279204884-0.4963871497028799i,-0.053525001817510916-0.4412355932429277i,-0.027696537513288877-0.24412970777842194i
-0.4856104403250158+0.1190854882845803i,-0.431888122448494+0.10591622501006208i,-0.2398825263044265+0.05803681883302222i
0.17647445483172267+0.46782110249576936i,0.15705902791379026+0.41591566485961057i,0.08573978103324519+0.2324413650627019i
0.4432743269311756-0.23131447299540575i,0.3939646431200823-0.20587906316046042i,0.21969621621674076-0.11169665553009157i
-0.28281682429993743-0.41232492930654563i,-0.25119277162942766-0.366176532942871i,-0.13770014393572247-0.20322907168727222i
-0.37542479820495483+0.33023571055074524i,-0.3326475275020729+0.29248931966087927i,-0.18552238928984538+0.1619718179379318i
0.37288334153387376+0.3331031786683201i,0.32948285270859784+0.2941795599326083i,0.181908720471331+0.16553746661352833i
0.2859694811974991-0.4101453771807374i,0.2518106719460012-0.36135946775263705i,0.1414023307760752-0.1985544090480901i
-0.44148770851153-0.2347048235656375i,-0.3872534785689638-0.2060361289365755i,-0.21384369558929125-0.11489381455366841i
-0.1800542323999848+0.4664549077568009i,-0.1572623138519662+0.40701125891720463i,-0.08863686014950327+0.22620645222725685i
0.48468411907747266+0.12280359392314003i,0.4207373483835908+0.10654150249774624i,0.23328870763962203+0.061739931537371624i
0.06377750374619098-0.49591294197927394i,0.05509722877274382-0.42804500341394325i,0.032485055971491615-0.23636173170072378i
-0.49998382554495135-0.0038292892438238245i,-0.42852323661782243-0.003559089731792167i,-0.23755470496544057-0.0027035441705656293i
0.05617117549015829+0.4968345952867846i,0.047590254598956716+0.42247255280696994i,0.024989172438190047+0.2355751242675102i
0.48650890478786374-0.11536013751886862i,0.4104477887924425-0.09729877679350495i,0.2283795559344981-0.05146216718126016i
-0.17288567684804312-0.46915628734255854i,-0.1444148098249619-0.39251987201645744i,-0.07839519053317656-0.21746670420787792i
-0.4450322566743178+0.22791542379725827i,-0.3687276506236762+0.18842509550176936i,-0.20513719650790277+0.10405882708136299i
0.2796512755935916+0.41448154425726735i,0.2290148707705943+0.33977947989300444i,0.12600491288477436+0.1903643318211427i
0.37794365011525477-0.3273480552091026i,0.3065983697752197-0.26537204801113107i,0.17139684915867986-0.14519911937956423i
-0.37032057896590753-0.3359465667142765i,-0.2966426173142389-0.269605056969688i,-0.16338572028166495-0.1498842830831985i
-0.28910165357206435+0.4079458468191609i,-0.22915175557063178+0.32263018723907755i,-0.12820527930516817+0.179063818622576i
0.4396778610077878+0.2380818728001388i,0.3433640430624932+0.1861870126115861i,0.19007255272049745+0.10551803495913933i
0.18362208931077764-0.46505955785869i,0.14181077098867628-0.3584272021707004i,0.08028172168168479-0.1975467479549192i
-0.4837287178128305-0.12650940676955696i,-0.36739017599289053-0.09659011951110924i,-0.20334768884455579-0.05416809063861967i
-0.06757306932025753+0.4954126158958828i,-0.05097431395997404+0.37046413897951663i,-0.029497497532912156+0.2062662887884199i
0.49994048977691913+0.007661118015328636i,0.36807961515955345+0.005922365300209961i,0.2044822854996228+0.005496162015913186i
-0.05236371794627204-0.4972475529256942i,-0.03752371078414859-0.3602439649463698i,-0.019276399105801048-0.19930275188866625i
-0.48737749631901167+0.11163336466603854i,-0.3469490970973954+0.07887958493403688i,-0.19269023344786798+0.04326739132854494i
0.16928809312188833+0.4704692971776759i,0.1178221533572935+0.3287742660440839i,0.06435415503713175+0.1837159227051881i
0.44676541713936807-0.22449766087687004i,0.30648003767815973-0.15359942525081952i,0.17088029005850652-0.08335364050768312i
-0.2764679877811236-0.4166085019166218i,-0.1854316825719893-0.28040273184435i,-0.10170381961809975-0.15559719310025946i
-0.3804389972992193+0.32444654302302656i,-0.25083445281545463+0.21309986389805163i,-0.13985187540240923+0.11808386329968887i
0.36773742954688166+0.3387755935455263i,0.23656802580338468+0.2185747378050274i,0.13067305235453003+0.12292177104190166i
0.2922182032238164-0.4057170425362339i,0.184545867464194-0.25543200122937626i,0.10355121533712532-0.14040078583453006i
-0.43784088758109224-0.2414396119702698i,-0.26928962171648757-0.14923274867519673i,-0.1487552526059203-0.08314926611000079i
-0.18717783998188453+0.4636422732542862i,-0.11303555452986705+0.27827124157737165i,-0.06360756968787053+0.1547032741321891i
0.48274627741854836+0.130213143536595i,0.28268289183991796+0.07677135755425867i,0.1567701904497914+0.044303418598416i
0.07136600656389655-0.4948778852777628i,0.04131717523661445-0.28249680813848943i,0.02412284112094082-0.15600520855684183i
-0.4998664932091729-0.011487152710531807i,-0.2776879746559714-0.007103325104161109i,-0.15393875427051135-0.004347546833865932i
0.04855452421994197+0.49763668777944536i,0.025560323961417185+0.26870467486978605i,0.013343150935356278+0.14981401976348374i
0.48821883469098526-0.10789469894755738i,0.2561357249800393-0.05603119651737758i,0.14248122740713398-0.029573648336031426i
-0.16567924395757053-0.47174936559972824i,-0.08365772870187502-0.2402476709248851i,-0.045407530997383386-0.1330557999350589i
-0.44847103594059984+0.2210720740959426i,-0.22128736014217493+0.10822632482702405i,-0.12304667344380421+0.05978787350314416i
0.27326981830962466+0.418716366904875i,0.12966095276777215+0.19989330147067746i,0.07133498584521603+0.11190634372409035i
0.3829133641073713-0.3215206548059608i,0.17679154056301527-0.14761777998671274i,0.0987380134700984-0.0807393624768022i
-0.36513137407656404-0.34157940383436625i,-0.16177202778728564-0.15238523113588856i,-0.08906537542018908-0.08462874701258213i
-0.2953162766203813+0.40346978445189075i,-0.12702464392854448+0.17220178233306835i,-0.07096892554362548+0.09552724109882536i
0.43597956670661697+0.24478853350128904i,0.1791141613655161+0.10136192178338853i,0.09907846578556788+0.05732449441624898i
0.19072394656283068-0.46219244769542167i,0.07608042558087064-0.1824885919237219i,0.0429574183205862-0.10048495490451012i
-0.48173418480023034-0.13390389758793908i,-0.18232555029298225-0.05154208714731624i,-0.10080896492287152-0.02882236057729111i
-0.07515342226928654+0.4943194708741142i,-0.02802688875521934+0.1789668353907247i,-0.016092535472821363+0.09952248260239499i
0.499764510904438+0.015317858285478372i,0.17285053989296786+0.0060341017774493575i,0.09588744985472687+0.0043561929631521674i
-0.044741147028069944-0.4979912876391731i,-0.0139509032931332-0.1642053387969107i,-0.0070498461597564245-0.09070034235132596i
-0.48903019983043217+0.10415504904859835i,-0.1532621436563981+0.031747667199377085i,-0.08496905313399152+0.01738419375446734i
0.1620620117646991+0.47300710690569014i,0.04727013575097646+0.14051314046397237i,0.025760186528508335+0.0783605165299578i
0.4501516837523111-0.2176281750090137i,0.12649892826113002-0.06027649158321122i,0.07037547899462325-0.03262447226516256i
-0.2700542840546227-0.42079432619613255i,-0.07056269533687973-0.11155702665998014i,-0.038612534046038184-0.06176048058700117i
-0.3853639346764067+0.31858125156729045i,-0.09599908110600514+0.07819051388575213i,-0.053388389360563254+0.04323047916895848i
0.3625052361428333+0.34436852249833605i,0.08330570968079827+0.08031274087490928i,0.04589826147202788+0.045033812276860395i
0.29839836275765236-0.4011935150024307i,0.06498456358153845-0.08593781400492566i,0.036348204614105956-0.04710475799057579i
-0.43409133684321327-0.24811775156958313i,-0.0861541915475343-0.05030565839328663i,-0.047456095297377904-0.027941312553751634i
-0.19425753032435253+0.4607208556088066i,-0.03651762943225721+0.08422664013174823i,-0.02047159759850102+0.04668622852852089i
0.4806951700473075+0.13759214181490736i,0.08047951700289746+0.02396194417896947i,0.04448914417271041+0.01374062877739351i
0.07893776499697716-0.4937267160572823i,0.012941287697294164-0.07513965235169678i,0.007474233146424476-0.04135541749522942i
-0.4996318781225326-0.01914232065613521i,-0.06845338858478045-0.003583725426467733i,-0.03781704930152431-0.0020822537896920956i
0.04092648077744129+0.49832202108785656i,0.004040000170797769+0.06079590172897161i,0.0020410642039092918+0.03377315368419936i
0.48981421486665583-0.10040394494596863i,0.052551592362794386-0.009815498902361344i,0.0291204822102882-0.005114839009273837i
-0.15843393800012334-0.47423175793610295i,-0.01368419234075706-0.044015001200263484i,-0.007379702084784082-0.024281555771030708i
-0.4518045912690554+0.21417685501087655i,-0.03547483178446883+0.015721736928003497i,-0.019647355016679222+0.008644392086496581i
0.26682424435471624+0.42285294728479994i,0.016048132759714118+0.02727182430877581i,0.008781879399932985+0.01520101560823299i
0.38779323598334914-0.31561781634306774i,0.019713822042721204-0.014772239577649072i,0.010958051858984682-0.00803353742826214i
-0.35985649906707184-0.3471320965506599i,-0.012053796205345023-0.01302808061862169i,-0.006602558853289706-0.007202249222819856i
-0.30146161012481165+0.3988990570919928i,-0.007416686672864452+0.00812835661777863i,-0.004122994342016808+0.004486194691312001i
0.4321789794726467+0.2514377602733963i,0.0032450989929395115+0.003069256042218593i,0.0017804382838958648+0.0017171577349002055i
0.19778105471623794-0.4592168939318346i,0.00011392778196872767+0.002344911238994172i,0.00005066369338285033+0.0012909262754430368i
-0.4796266233839154-0.14126697048994338i,0.008360115490140457+0.0013802178980307413i,0.004602586664851527+0.0007755188347034461i
-0.08271614204328262+0.4931103449800437i,0.001372708095503508-0.014510708216373028i,0.000802473151942771-0.008034461743796236i
0.49947127336565733+0.0229710048707759i,-0.02053188058835951+0.00012142845640930078i,-0.011342731248474756-0.0000557862634964097i
-0.03710807850596501-0.49861817934233255i,0.003017665004664089+0.026153101704907887i,0.0015485557619109858+0.014382356270472026i
-0.49056816308876816+0.09665229605445051i,0.031097533417956236-0.007210728334473137i,0.017160877735271755-0.00392784591449834i
0.15479790620112696+0.475433936238607i,-0.012582201610346944-0.03514386887988879i,-0.006826250007778142-0.01951147914664012i
0.4534323322570626-0.21070762716552494i,-0.038129567419346956+0.018938333471758606i,-0.021122453369295916+0.010202350754284367i
-0.26357721795487327-0.4248814200335249i,0.026027609009671167+0.039879657280432065i,0.014166981013613838+0.02198253094473712i
-0.3901984548083406+0.3126412123451051i,0.04022871152760462-0.0336295058033488i,0.022274635179970283-0.018495876896285898i
0.35718798894077064+0.34988065326904916i,-0.04153985840276549-0.0391147503806788i,-0.022774594517707105-0.021844423069280954i
0.3045085097605733-0.3965758559255185i,-0.03655282995980265+0.049476539121400855i,-0.020370980929044567+0.02698676228987978i
-0.4302399360474607-0.2547376754850802i,0.057123116241346326+0.03252709047141533i,0.0313081763324091+0.018001795611429915i
-0.20129164233384617+0.4576913402667243i,0.027030936891414156-0.06424948939719305i,0.015104062416918-0.03544169856155403i
0.4785312782109585+0.144938857438514i,-0.0706748856826756-0.020186620443658203i,-0.03889177421802975-0.011559473400468957i
0.0864910024989411-0.4924597044143582i,-0.012191774935519834+0.07614427216260422i,-0.00705961561283624+0.04172046005556287i
-0.4992800353322983-0.026792996963935906i,0.08039173784187238+0.0031806793407891335i,0.04421318524745993+0.0018945906785061044i
0.03328883491518675+0.49889043441363967i,-0.0067200458029593015-0.08328439474995046i,-0.003416078427356272-0.046069716524920784i
0.4912946709940259-0.09288963305468684i,-0.08476331901651415+0.017251012520094294i,-0.04678637481733714+0.008970043220387039i
-0.15115145892730417-0.47660288191294964i,0.028095747242242113+0.08469432245941055i,0.015078318742297453+0.04654395043121104i
-0.45503214051428653+0.20723138435348262i,0.0829451632487792-0.03904232578059548i,0.04576436517756717-0.021359907633260553i
0.26031606604095425+0.4268903148394866i,-0.04991343283110177-0.07954495173284475i,-0.02720665172960158-0.044191177175843935i
0.3925821207886402-0.3096409247915713i,-0.07460485205359839+0.06040875361898726i,-0.04135891926033819+0.03273731733545428i
-0.35449719157077364-0.35260334204600485i,0.0701966011111117+0.06814840815585524i,0.03830252760706216+0.03757544498387955i
-0.3075362122180837+0.3942347371600595i,0.06019815191658365-0.07908968899597894i,0.03339241950005415-0.043498614714775105i
0.42827699103003575+0.25802799302172175i,-0.08696169548995455-0.050944457932000996i,-0.04770334059641542-0.028608092068472014i
0.2047917579758699-0.4561335947161398i,-0.04064977629163424+0.09357586634145988i,-0.02280494802427268+0.0511025021612292i
-0.47740652805679373-0.14859689789254554i,0.0986861408108518+0.02946540041899066i,0.05412271019981039+0.016389271036796514i
-0.0902594542164761+0.49178552190845526i,0.01752477482882913-0.10221877643711103i,0.010000756206871058-0.05639823842668427i
0.4990608459623134+0.030618762128790125i,-0.10417672268351155-0.005117530086247242i,-0.05735454144064649-0.0034694243177533384i
-0.029466303311512454-0.49912808094883054i,0.007417369541462491+0.10445850700666053i,0.003595982322211367+0.05727227783948214i
-0.4919910252447858+0.08912686603947963i,0.10296343233842839-0.019880466871704316i,0.05666939484620283-0.010746383773849238i
0.14749748079368893+0.47774921577432833i,-0.03211324288029944-0.09977234470788567i,-0.01731807939129615-0.055251861750926355i
0.45660659292164546-0.20373764110066184i,-0.09504243430503305+0.043821992160030396i,-0.05252489588590159+0.02349077953036544i
-0.2570383091829018-0.42886882448217034i,0.054689720677197434+0.0888216707550072i,0.029665816782616955+0.04886049459885393i
-0.39494142338126076+0.30662781905595726i,0.08115432893431403-0.06456269705820213i,0.04485204224172635-0.03541416617702326i
0.3517869355157382+0.3553106925574808i,-0.07334770571421746-0.0722562371022579i,-0.04011388974342003-0.04027682805670924i
0.3105472106210455-0.3918651487375832i,-0.062404048041278505+0.08083667013563116i,-0.03471793607749793+0.043993486729233214i
-0.42628758884027795-0.2612978304972928i,0.08681804054881288+0.05175154047850649i,0.047494706888568675+0.028604011335463947i
-0.20827852561077553+0.45455443803714657i,0.04043337432680329-0.09125434128582006i,0.022559870310893057-0.0502576357674396i
0.476255109619102+0.15225156666226597i,-0.09417684823443788-0.02873195440649049i,-0.05174980542816623-0.016405934998717907i
0.09402394686882523-0.49107714762539045i,-0.016966114615706056+0.09551432369285377i,-0.009775991169760313+0.05226713314811536i
-0.4988110473906376-0.034437386571099265i,0.0951996890461127+0.005315940113825078i,0.05230017098056249+0.003101787514260848i
0.025643378638705583+0.49934179439111626i,-0.006076303014982581-0.09333376209013501i,-0.0030185052295682614-0.05157930095953824i
0.4926598557166441-0.08535352634163709i,-0.0900799489016121+0.016949501288485644i,-0.049679572642953224+0.00876131126281447i
-0.14383351541256886-0.4788621811982063i,0.027030639930937794+0.08550128586449884i,0.014477685386948035+0.04695422252423056i
-0.4581529264028879+0.2002372917256078i,0.07965985912615646-0.03619542297670356i,0.04392339314952277-0.019786633339311636i
0.25374681036916014+0.4308275222894846i,-0.04437099513516058-0.07276394405129125i,-0.024170271915780934-0.0403984933651926i
0.3972788949168093-0.3035913824975459i,-0.06506621161949798+0.05139109256424694i,-0.036050513902127906+0.02783506176941869i
-0.34905470903123587-0.3579918566130461i,0.057094516457126966+0.056713862355079636i,0.03114302148652458+0.03125469334699472i
-0.3135386576284943+0.3894779190361193i,0.04783967326048966-0.0614665903522266i,0.026519673636970352-0.033800884948324325i
0.4242745168945049+0.26455768549317615i,-0.06454679806788677-0.03869132686231535i,-0.03540460818594981-0.021706737004390266i
0.2117544114344851-0.452943273476647i,-0.029537023288007995+0.06629779858575524i,-0.016551955627103633+0.03620314561823313i
-0.4750744197153783-0.1558919599895835i,0.06669271996558027+0.020533449955248594i,0.03657416486713417+0.011404798588420934i
-0.0977815889166648+0.4903453124999287i,0.01180814287033437-0.0658346827960961i,0.0067131923310137735-0.03632248886184675i
0.4985333249921645+0.038259335681577564i,-0.06387134862628523-0.0035706240937295516i,-0.03516394826446619-0.0023506137212794295i
-0.021817614419096465-0.4995208728214759i,0.003971004345982777+0.06088046130933303i,0.001916175511744868+0.03337698580033299i
-0.49329845245519177+0.08158052468023355i,0.056944734803036086-0.010720287109407561i,0.03133564532096134-0.005807281787227689i
0.1401624484265529+0.47995240228346153i,-0.016618939658807518-0.052248418920431965i,-0.008976845091175517-0.02892700805841106i
0.4596737209756476-0.19671985216827237i,-0.04700135433903224+0.021554190527530298i,-0.02596787484219277+0.011567486510016153i
-0.2504390919497559-0.4327556039853625i,0.025428565779140856+0.04134407936218059i,0.01380469673141669+0.0227329140008567i
-0.3995917275619654+0.3005424826102512i,0.0354102437627558-0.028245690134814875i,0.019556191524200545-0.015504125918176048i
0.34630334310606653+0.3606573663244054i,-0.030046306687123422-0.02940046593417679i,-0.016443134618091822-0.01637440089496005i
0.3165130484907996-0.38706249870240267i,-0.023518653651387268+0.030834785469189427i,-0.013072143230521558+0.016788544567054108i
-0.4222352225529611-0.2677966774102105i,0.030633927815694073+0.017899574809084627i,0.01676054290966023+0.009879118878544762i
-0.21521654083673344+0.45131088492515087i,0.012659326107944305-0.02954530351676049i,0.007048924290946018-0.016271739504986175i
0.4738671983246086+0.15952855371986785i,-0.027695998116402002-0.007947346374344789i,-0.015218968512464669-0.004532621422542004i
0.10153483066700364-0.48957937007690433i,-0.0038973630755935627+0.02518550245649529i,-0.0022495133673798226+0.013778748857505135i
-0.49822502433525034-0.042073695889826915i,0.022125455139156966+0.0005796011990500009i,0.012147384260438264+0.00034972662791914357i
0.017991905786066797+0.49967599511859967i,-0.0019601636647081718-0.01867492898491753i,-0.0010242611356510777-0.01031346414781766i
0.49390944872395715-0.07779739298841969i,-0.01499963492961719+0.0036695736971721015i,-0.008268587045438853+0.001931116299409494i
-0.13648182445032409-0.48100912569701304i,0.00452264977806528+0.0112407180959071i,0.0024370801778996107+0.006167970311292118i
-0.4611662167111266+0.1931962181371749i,0.00754031583519408-0.004541948915539496i,0.004151923147908149-0.002488105167851884i
0.24711801867061386+0.4346636458557077i,-0.0037708441857280187-0.004053233339491033i,-0.0020635495741738482-0.0022512711026635244i
0.40188245637316405-0.2974706088529642i,-0.0009204434219391552+0.0022630191884599887i,-0.000517347286279645+0.0012361783405768587i
-0.34353032840721853-0.36329637595541997i,0.00009903999081928381-0.0017388265693847082i,0.00005822262935912524-0.0009514979178351291i
-0.3194675380143177+0.38462971880286545i,-0.0038143983033506515+0.0026167474186958306i,-0.002104207867765388+0.001434591876467472i
0.42017249615853103+0.2710253056391134i,0.005772061188380255+0.00521518289687152i,0.0031532022322757545+0.002900889855876346i
0.21866738145866946-0.44964667875202824i,0.00587994612448198-0.009236617095133164i,0.0032625131570057893-0.005026864167933314i
-0.47263084553757-0.16315044515527138i,-0.012861090019860197-0.0057612094623953804i,-0.007035762254445011-0.0031744534012218594i
-0.10528078124047308+0.48879005466790737i,-0.004824197325182615+0.016503855136379617i,-0.002696612295184237+0.009080112422823793i
0.4978888342263968+0.045890932836692946i,0.020033918689711536+0.0030767880221591075i,0.010991154064576864+0.0018003835206808802i
-0.014163806425247782-0.49979646280029866i,0.0005639721480093041-0.023299947465597673i,0.000396827057796341-0.012729818464773054i
-0.4944901379609622+0.07401504255964667i,-0.026143065849253716+0.0026718992591181377i,-0.014337790233563205+0.0014366957878469676i
0.1327945301036485+0.4820429788367754i,0.006581217872904066+0.028444760474055156i,0.003527679853208803+0.015686318116130905i
0.46263299678496617-0.1896559069380953i,0.03011575970748428-0.011058614891791739i,0.01656394347782634-0.00589279412469002i
-0.2437811146165359-0.43654084659582315i,-0.015964247112750962-0.031043980617882078i,-0.00863266145209647-0.016994517751009058i
-0.40414827625891325+0.294386630798269i,-0.03111913297789649+0.02118559166425416i,-0.017108725497679726+0.011591348532004353i
0.3407384983160416+0.36591942009048295i,0.02661661654876155+0.030299005286995587i,0.014503512801414356+0.01678037645777852i
0.3224046236172646-0.3821690326561197i,0.028583579841578985-0.03209156917503081i,0.015786499050594312-0.01739215013661017i
-0.4180837879840828-0.2742326914124193i,-0.03742034752869337-0.025942379225132522i,-0.02038851359646113-0.014234181063773605i
-0.222104060159126+0.4479614419590968i,-0.02234907127686429+0.04246962409932932i,-0.012357201548412255+0.023288430636924328i
0.4713681045983148+0.16676811122644494i,0.0471305936774347+0.017863576777165848i,0.025768668196699627+0.010048765165929743i
0.10902189162987866-0.48796672318944223i,0.012591604671473463-0.05123562271547725i,0.007089671658739928-0.027887684108040014i
-0.497522103663551-0.049700133228182786i,-0.05460529980853827-0.006592927515331048i,-0.029834393772354185-0.0036711519394567677i
0.010336211606995993+0.4998929581832443i,0.00007518925098145814+0.05714550655352556i,-0.00012376743859989333+0.03139285894699473i
0.4950431568264652-0.07022300587544451i,0.05880318692603287-0.007262059102771829i,0.032220588722891824-0.0036430028379418914i
-0.12909811095307186-0.4830432116760901i,-0.01477730102138036-0.059466607529841765i,-0.007848903710016982-0.03243927187413392i
-0.46407130443674316+0.1861098156211549i,-0.059021494900594385+0.022498952517599164i,-0.032318281041750475+0.012238357534822738i
0.24043124624541384+0.4383977854761801i,0.030321656151546656+0.057460591422325354i,0.01641029000493215+0.03165975822225314i
0.4063917250333161-0.2912800399626677i,0.05482737784623634-0.038048328085708405i,0.030131794561739627-0.02045950573698263i
-0.3379253458730655-0.3685156554843952i,-0.04545480835148191-0.051101366989243766i,-0.024626221642839626-0.02793393741910301i
-0.3253214622942432+0.37969127398379326i,-0.046261121827239335+0.05241077244546285i,-0.02542373606599932+0.02862464381166296i
0.4159718912710106+0.2774293359747939i,0.05881947733747691+0.040403294712522776i,0.03202167157110329+0.02243468454984463i
0.22552904607213486-0.446244584015691i,0.033675164409274864-0.06449814995422422i,0.018657720028756805-0.03494513298483059i
-0.47007637885427733-0.1703706503457964i,-0.06925064717869898-0.026147372886138488i,-0.037681214106224395-0.014364931697776875i
-0.11275527166745078+0.4871201133194173i,-0.01788237392841306+0.07299720383053761i,-0.009989514464421204+0.03995079616227851i
0.4971275248805868+0.05351176300780565i,0.07570567947391164+0.009060707360782296i,0.04132738927478304+0.0053896285495063445i
-0.006506675127581907-0.4999547862241761i,-0.00009572036866076569-0.07726197301508696i,0.00027191039135336474-0.0419964281687009i
-0.4955658021593179+0.06643219475161202i,-0.07754782023243023+0.00946008015947038i,-0.04230903513952847+0.005043514848792857i
0.12539545454487122+0.4840204549264876i,0.018927414156779628+0.07657568219432989i,0.010078129553759769+0.04202012521085036i
0.46548372602065535-0.18254746280942935i,0.07441196943958721-0.028282678071553883i,0.04073685724837315-0.014971415176490234i
-0.2370659393311074-0.44022366418967285i,-0.03728396342297977-0.07103941751379501i,-0.02002198067975763-0.03871212795096651i
-0.40861000037822565+0.28816170795517304i,-0.0664377430076087+0.045804161216288865i,-0.03636505229718604+0.024897454211180413i
0.33509370681403355+0.37109561923059486i,0.05375321729021034+0.060720746422155525i,0.029113081397709385+0.03349410582651817i
0.3282205536719876-0.3771858987428566i,0.05405286728970699-0.060941706719119894i,0.029748544894080454-0.032833776852986114i
-0.41383425917640804-0.2806043624348653i,-0.06716751720216547-0.046506281979513016i,-0.036387540663287976-0.02543911939264589i
-0.22893946757311132+0.44450689501206847i,-0.03814300327694005+0.07235879848913852i,-0.021037014977774226+0.03946500394702442i
0.4687584147975686+0.17396854057914235i,0.07649195393491079+0.029152225813624436i,0.041611068630583274+0.016374668799240006i
0.11648337308335599-0.48623958533510786i,0.019762432076500858-0.0794521083780362i,0.011133484038158174-0.04303758665794256i
-0.49670245030040616-0.05731490921047325i,-0.081120535701133-0.010096639941164866i,-0.04411807509745133-0.005655707644608943i
0.0026780923416606095+0.4999926326794412i,-0.00025529816302928457+0.08151559517897147i,-0.0004338873924573638+0.044589808659778095i
0.49606071402451-0.06263214216596544i,0.08070724593567993-0.00954732189781618i,0.04404981744021468-0.004688485615893485i
-0.12168410734669793-0.48496396188192425i,-0.019072742400277044-0.078676283019514i,-0.010019380717048216-0.0427633338411749i
-0.46686750796483195+0.17897974684595389i,-0.07540056093585235+0.02820125485904427i,-0.0411500325365664+0.015219406602259452i
0.23368806199755937+0.442029065017213i,0.03684849241750269+0.07099162742668433i,0.01981068403632645+0.038999668782342824i
0.410805642896605-0.28502112830741594i,0.0656072557072273-0.0448308359536703i,0.0359656475504063-0.02396466720679i
-0.33224107651458434-0.373648470610886i,-0.05195406674538656-0.05931191584621364i,-0.028001429564648454-0.032355338136865655i
-0.33109905697376035+0.3746637432763037i,-0.052160734517449577+0.05815132335563067i,-0.028618604301499213+0.031615700013265274i
0.41167368781144137+0.2837682739354269i,0.06339948898676727+0.04433056821505762i,0.034374801427379094+0.0245863063673097i
0.23233779533627796-0.44273778749429815i,0.03603261876667919-0.06758734036900267i,0.01995615557501181-0.03648382441069762i
-0.46741161901489287-0.17755088149889894i,-0.07060109843963178-0.0273769588319419i,-0.03828922403326971-0.015052737053989311i
-0.12020330647290317+0.48533588026944663i,-0.018453851976338493+0.07245497855847882i,-0.010328620864257707+0.03953889639214407i
0.49624957557921845+0.061120038134820545i,0.07320815794330479+0.00945874938057938i,0.03986231427867575+0.005633674622188601i
0.0011519828965454726-0.49999580594600024i,0.0006072361996384777-0.07283699139549193i,0.0006887411873789971-0.03950287804456466i
-0.49652519266932554+0.058833760404499044i,-0.07131614214863362+0.007993663136228015i,-0.038833770891536126+0.004194450461560703i
0.11796695778047614+0.48588436658134954i,0.016266886710275666+0.06874038450158242i,0.008590807751579006+0.037658802975196935i
0.4682252398218327-0.17539618762226017i,0.06524340550691185-0.02404662603858038i,0.03567019769265946-0.012654911361172453i
-0.23029514166157605-0.4438031926748069i,-0.031159075833706668-0.06087579446415772i,-0.016663797315108572-0.03313932052920798i
-0.4129758530745213+0.28186917462212124i,-0.05568123240191923+0.03754217201077016i,-0.030452690328607687+0.020344342101321702i
0.329370293026148+0.3761847492635202i,0.04316988585101482+0.049809136351475235i,0.02332287236540208+0.027458267178545086i
0.33395947407496684-0.3721142661453263i,0.043436853545537946-0.04794009719389893i,0.02389813112819536-0.0257746867756042i
-0.4094876331883556-0.2869101955051581i,-0.05174968139876059-0.03665527809563988i,-0.027987763082247968-0.02005058896684676i
-0.23572115930075999+0.44094805461748565i,-0.029540117826285624+0.0546039555339843i,-0.016293399657057714+0.02974202369931624i
0.4660387412286519+0.1811281523556655i,0.056544345248191484+0.022255568397928152i,0.030726973520817203+0.0124986305229461i
0.1239175243550103-0.48439836174879103i,0.014981434755567062-0.05754341920209339i,0.008438515504714066-0.031142841170632i
-0.49576625655944023-0.06491623719708542i,-0.057573685268249214-0.007808027944231i,-0.03128982672094249-0.004374029929062859i
-0.004980655200778977+0.49997499522076355i,-0.0008027242054605477+0.05670629940751137i,-0.0006508117039448054+0.03100155721750367i
0.4969618815706876-0.055026582889106584i,0.055042902430787834-0.005894932984984231i,0.030028932538863386-0.002855386535959181i
-0.11424155316399523-0.48677092565274793i,-0.012139992838397418-0.05261865756224251i,-0.006361004080986832-0.028589158067684608i
-0.46955417122776894+0.1718076847253056i,-0.049464754393778614+0.01787677486706247i,-0.026984932237513193+0.009642367804895576i
0.2268900480668439+0.4455566324789726i,0.023076894860140175+0.04569665151471419i,0.012403625753444314+0.025092631234374285i
0.4151231743343376-0.2786953424030953i,0.04145103334223124-0.027652431888603692i,0.02271218175449613-0.014779452443072648i
-0.3264788540204916-0.378693617032776i,-0.03151591797340918-0.03679777072162169i,-0.01698690773573174-0.02006157187657218i
-0.33679896646741986+0.36954830627984075i,-0.031796513762554365+0.03466411389593765i,-0.017429631692568722+0.018850119486648966i
0.4072788942586787+0.29004063222871496i,0.037120735995491705+0.02657515869391894i,0.020130716079258818+0.014718269227666102i
0.23909203172791757-0.43912711198048215i,0.021272791195284635-0.03885782751774348i,0.011759101977583468-0.02097808097295569i
-0.4646371912466722-0.1846894539313474i,-0.03984889462188832-0.015961324595425045i,-0.021612269532633323-0.008752475754769933i
-0.12762313813936507+0.48343777414901656i,-0.010696671910819853+0.040141958526950315i,-0.005956260920440643+0.0219047166036818i
0.49525519231377507+0.06871397310340735i,0.03980732804712402+0.005588240934782351i,0.021671597692306976+0.003280725247171995i
0.008810370711566318-0.4999195123413962i,0.0007484369864068018-0.038867328443801016i,0.0005729363069318032-0.02107166860652207i
-0.4973680843911147+0.0512215223237154i,-0.037342952389202926+0.0037756339857966783i,-0.020321659565931526+0.001999227445874149i
0.1105107827437572+0.4876342764755092i,0.00795602712652163+0.03531686435671677i,0.004221350199269917+0.01933082127142143i
0.4708568949526149-0.1682037592659389i,0.03288667106222339-0.011722743348145909i,0.017958881735990723-0.0061867904280017046i
-0.2234703102266168-0.4472785921936382i,-0.01500750479832537-0.03010324615449933i,-0.00804360930782081-0.016362238338909676i
-0.41724480999654157+0.27551050720358694i,-0.027011519081700425+0.01780206565723261i,-0.014742813297976212+0.009663761816214i
0.3235695998254809+0.3811856161368889i,0.020116928179664963+0.02370437761626914i,0.01088102923527789+0.013033491236332713i
0.33962003831482096-0.3669553248105113i,0.020281827991057676-0.021927930585815315i,0.011122962715757691-0.01179659023513865i
-0.40504492986006163-0.29314871109833496i,-0.023213552518908918-0.016798066645970212i,-0.012556605893071058-0.009151855880115632i
-0.24244754416734712+0.4372857557789308i,-0.013297076258458627+0.02400376574723365i,-0.007295265990921449+0.013071745160601729i
0.46320972200311894+0.18824526671066644i,0.024343625461524156+0.009858417733150484i,0.013220607128411844+0.005495760119621708i
0.13132260118484262-0.48244348443308827i,0.006562461466388333-0.02424738547946777i,0.0036575048805303316-0.01310887229458423i
-0.49471374209791247-0.07250233370368286i,-0.023729906366309027-0.0034461239682931177i,-0.012876969064046147-0.0018947671235949957i
-0.012638234063751141+0.4998400499454524i,-0.0005338252553264718+0.02284690543275435i,-0.0003473595125650759+0.012466332521258354i
0.4977464480258642-0.047408112521983674i,0.021663553672726543-0.0021239579822281782i,0.011790962921629908-0.0010422414315507367i
-0.10677219463652124-0.4884636790242761i,-0.00447950733362201-0.02021594501983779i,-0.0023632977342897235-0.010952797239786701i
