bath,methyl_5_6_7,methyl_8_9_10,methyl_17_18_19,methyl_20_21_22,methyl_106_107_108,methyl_113_114_115,methyl_119_120_121,methyl_126_127_168,methyl_128_129_169,methyl_130_131_132,methyl_140_141_142,methyl_152_153_154,methyl_147_148_149
0.999999999998476-1.18083579715032e-30i,1+1.04963181969104e-32i,0.999999999999995-1.36259543565396e-32i,1-8.00464633135945e-33i,0.999999999999997-5.39260384428425e-33i,0.999999999999999-6.74075480535532e-34i,1-2.7925984193615e-33i,1+6.74075480535535e-33i,1+2.50370892770341e-33i,1-1.10740971802266e-33i,1-4.91112135818745e-33i,0.999999999999999-8.85927774418128e-33i,1+5.97038282760043e-33i,1+0i
0.951905444771924+5.9092452927146e-06i,0.964560132518873+9.71723606904737e-06i,0.988681090818805+1.37689239390549e-06i,0.969415368567664-4.75944566170657e-06i,0.985833739390292-2.06430119820516e-06i,0.997095459009579-1.27151578439456e-06i,0.999913862226439-2.32280829300687e-09i,0.99432582060344-1.899135748089e-06i,0.999872032743464-7.11722466221793e-09i,0.999841588727339+4.52350684775851e-09i,0.999607548158381+1.94569314857084e-07i,0.999913201533237+7.89854760747582e-09i,0.999732984397929-9.34292931483434e-08i,0.999616462093789+9.06339565998703e-10i
0.999392089937673-1.67612648300213e-07i,0.999475740914162-8.5540685340461e-07i,0.999723977542386+2.4797860249957e-07i,0.999905557837263-8.33037021253279e-08i,0.999620723589413+2.83846073639839e-07i,0.99996323212277+3.23181941722151e-08i,0.999998456139403-2.70853349878821e-10i,0.999920485336201-9.40208133447774e-08i,0.99999819951626-3.79177001381754e-10i,0.999997758998451+3.06839320914358e-10i,0.999994180713596-8.54517203852811e-09i,0.999998734891174+5.91221474432983e-10i,0.999995776443875-5.48223425078717e-09i,0.999994752621126+1.6513752937305e-10i
0.976112269899803+1.3273741762383e-05i,0.994893151281196+7.90810436593879e-06i,0.995270520048185+1.04798351873053e-05i,0.992207158048537-1.80391757349623e-05i,0.99273189557728-1.90523693268271e-06i,0.998317152035002-3.04927418511234e-06i,0.99994624107436-9.75325443725378e-09i,0.996662686772775-8.53524547114067e-06i,0.999921894480639-3.67725712241879e-08i,0.999903297991054+2.35610476580235e-08i,0.999759576891565+4.00847670359084e-07i,0.999947619473465+3.83609661193798e-08i,0.999837630322389-4.51227013666947e-07i,0.999766763120759+2.75836719707538e-09i
0.992917625421953-3.95156197880743e-06i,0.996438580533929-5.76225090944065e-06i,0.997871627540328+5.89136560020597e-06i,0.998995661168266-8.93556979438156e-08i,0.997151451370051+2.62485368630496e-06i,0.999545191718511+1.09989114957409e-06i,0.999979285590292-5.09522132126165e-09i,0.999006621949048-3.90901588405886e-06i,0.999977197047126-1.68403511006878e-08i,0.999971563026874+1.18783385828412e-08i,0.999925967739748-2.59315893015211e-07i,0.999983689608364+1.86430183642352e-08i,0.999944928282544-2.31293606451564e-07i,0.999934016743809+1.65656109342759e-09i
0.992726650241576-1.21625610189422e-05i,0.987847349068193-2.15865745612738e-06i,0.997646359077082+5.68236411862253e-06i,0.996032408287811+1.27255554218753e-05i,0.997779213127252+1.6316411116215e-06i,0.999502105576384+3.263287929253e-06i,0.99996835236872-8.20869785181288e-09i,0.998950086102625-4.34087923417782e-06i,0.999973164323677-2.72954527248431e-08i,0.999966208689211+2.05504975463651e-08i,0.999908606756112-6.70513578900583e-07i,0.999978787321237+3.02467194332975e-08i,0.999923325568751-2.82732856368629e-07i,0.999925631974966+2.44141783413529e-09i
0.978759360659322-6.03381638913028e-06i,0.996361620302998-3.24385652618911e-07i,0.995912769875337+3.18705201815757e-05i,0.997354265857811+1.54408161504451e-07i,0.993007342811811-7.84587439868885e-06i,0.998518124635986+2.01632422758603e-06i,0.999920272610067-3.12777649083652e-08i,0.996704365033424-2.66127790865425e-05i,0.999922446934002-1.19064332700419e-07i,0.999902873188598+8.61704884904173e-08i,0.999745007383298-7.22026459228189e-07i,0.999942051713381+1.27440894606735e-07i,0.999799954966795-1.54840638778203e-06i,0.999779424509829+6.99927299913021e-09i
0.990296766225029-5.43804246967612e-06i,0.970607262985795+0.000105927630276013i,0.998220024845555-2.56046504098485e-06i,0.975880577866438+1.65949219634608e-05i,0.999573023101855+4.60541830365232e-07i,0.999746458615439+2.61039473447956e-06i,0.999937644591778-1.30713510849573e-09i,0.999469113426904+3.87234887913197e-07i,0.999989767613998+4.40651731166128e-10i,0.999984796460561+3.46248940952119e-09i,0.999936909885685-4.30377514545346e-07i,0.9999749164554+3.02495790714354e-09i,0.999883695935838+7.17978020167177e-09i,0.999991801061444+7.7972509041062e-10i
0.967531441002769+2.23553116771181e-05i,0.994110931485803+7.74439043909455e-06i,0.993146723271811+6.93475784862109e-05i,0.996164474725185-1.26189306660085e-06i,0.988312378693874-1.92068949382819e-05i,0.997530637930599-4.85080575424629e-06i,0.999818724526319-8.79510667213435e-08i,0.994346481415737-6.77231512613783e-05i,0.999861485867972-3.30799049069237e-07i,0.99982492075839+2.57217758152874e-07i,0.999529886051183-3.44103749852564e-08i,0.999885209823223+3.60395589751901e-07i,0.999589402338812-3.93163980723384e-06i,0.999622240799109+1.69626023568528e-08i
0.986468131232882+4.02102195529658e-06i,0.984983689174322+0.000108633954135192i,0.998580889576111+1.24600560098333e-05i,0.971158287446867+1.38896271448839e-05i,0.999082696701988-2.62248781591785e-06i,0.99935098439812+1.32438269663606e-07i,0.999834706082047-3.47707561228247e-11i,0.99873010031337-2.31859050882093e-06i,0.999978574256607+6.99316101597939e-13i,0.999966804127831+1.7510543442768e-11i,0.999860518390851+2.51466253788872e-08i,0.999933235794942+5.08329122892401e-09i,0.999708867481895-1.09300485969078e-07i,0.999996189247634-3.69757958968791e-12i
0.968237876465335+4.60547792967958e-05i,0.98181053887821+3.69393213475143e-06i,0.992109695726362+6.3557636415082e-05i,0.995384318806219-4.86117608757998e-06i,0.99092745025935-1.61468707659959e-05i,0.997407197556865-9.52231411086367e-06i,0.99967482595564-1.33024161407811e-07i,0.993802939769071-7.85094223593139e-05i,0.999838283487756-4.55827501365118e-07i,0.99979126185444+4.05535149165422e-07i,0.999409608825598+6.83653956171176e-07i,0.999830226657669+5.24901071567201e-07i,0.999368107421212-4.63488417743537e-06i,0.999606411302192+2.54149834511001e-08i
0.987120145892507-3.66329905897575e-06i,0.996529260885634-2.52856577030978e-05i,0.99851572591539+1.51829931706902e-05i,0.990507729379642+2.56765127874068e-05i,0.998698569497935-2.52525857743364e-06i,0.998897067141443+1.02602325882449e-06i,0.999639479775114-4.62056797583452e-10i,0.997655871227433-1.70210484879349e-07i,0.999951421911894+1.64588310682454e-08i,0.999926609046851+2.42495135916554e-09i,0.999714934466714+8.03812959903243e-08i,0.99985467447884+5.86817736118642e-09i,0.999413025234292-5.33177168830965e-08i,0.999987684351349+9.17100744709573e-10i
0.976108614819036+2.34649862081886e-05i,0.985143437728182+5.54675521721213e-05i,0.997239947222894+1.25130844578827e-05i,0.995420178480514-7.29642378106305e-06i,0.996761302483858-1.5602576723958e-06i,0.997892101366147-1.87018678226227e-06i,0.999452816672055-1.07767275857134e-07i,0.994783767267368-3.4748853482895e-05i,0.999851836514972-2.8527553195678e-07i,0.999800089619211+3.48680179123906e-07i,0.999380267546551+4.06041203010995e-07i,0.999759945975772+3.8848296070789e-07i,0.999101038193891-2.11459875251269e-06i,0.999743557038406+2.32412809269651e-08i
0.980985721182681+5.94677708079144e-06i,0.991267402486475+4.15292378752563e-05i,0.998740982488581+6.18432650588187e-07i,0.997777223297015-4.11019800596665e-06i,0.998188399896792+4.30729288291053e-06i,0.998269877621668+2.74997035912034e-06i,0.999308026057131-2.12207019618062e-08i,0.99586583213317-4.88930279264369e-06i,0.999889771065169+1.46930770387024e-08i,0.999841446632114+8.05499760385173e-08i,0.999451551453477+3.60245428008911e-07i,0.999717950746306+6.4528410038297e-08i,0.998956684964705-4.36271195902367e-07i,0.999926031730739+7.84255664742345e-09i
0.977767284921783-3.91800728826879e-06i,0.997551008138958-2.92052884802547e-06i,0.997849870141125+8.43314480559155e-06i,0.997632136242154-1.95568966029409e-06i,0.998671956098188-1.0750794595025e-06i,0.997854620465268+3.92409186797008e-06i,0.99908170716056-3.48140373859271e-08i,0.995082611608194+4.52268656185494e-06i,0.999850930184634+1.03814974863836e-08i,0.999788042304863+1.31648727819849e-07i,0.999295117703487+5.17904819979008e-07i,0.999623705774697+1.01938512137009e-07i,0.998668092463111+3.13619314310237e-07i,0.999896168941026+1.16733461902755e-08i
0.966932731073213+2.69436108542439e-05i,0.987876810778971+0.000185381521792331i,0.998047216080276+7.85218976144378e-06i,0.980127284066493+2.27062372912791e-05i,0.996733349951329+1.22806111127175e-07i,0.997114325039628+3.48033136120868e-06i,0.998791710376241-1.15341450595084e-07i,0.992915773435982-4.07241140056958e-05i,0.999773005978579-1.79234785663631e-07i,0.999686411613599+4.02832053598524e-07i,0.999023736850469+1.00490308518989e-06i,0.999495692005466+3.79300439470022e-07i,0.998295885861646-2.54295421800725e-06i,0.999766451725038+2.88850718346419e-08i
0.964557304904016-2.359762493835e-05i,0.981369286356023-8.8473544447769e-05i,0.992569064983578+7.16251237151081e-05i,0.999387013711751+1.20494691417057e-06i,0.996493943395572-2.30346061451008e-05i,0.996791409528493+1.7494497073971e-06i,0.998499399846216-1.64370383796694e-09i,0.993604731657597-1.0224446934608e-05i,0.999792882741553+8.56043923065011e-08i,0.999703541983819-9.38821281323174e-10i,0.9990434340235+3.45014749265836e-07i,0.999380979523482+4.81529385053204e-08i,0.997996268739823-3.99685195316565e-07i,0.999954374334624+2.35446130101231e-09i
0.954679995041922+4.07888588037612e-05i,0.988161073860813+5.71348766902571e-05i,0.997406102493941+2.14463152396576e-05i,0.969468243735797+9.60145884524002e-05i,0.994079310868548-1.43167790367018e-05i,0.995746376094238+9.72629649576757e-07i,0.998067249987548-2.63856549748208e-07i,0.990058675390768-7.12473048566608e-05i,0.999621213249311-4.92764024098284e-07i,0.999487921267006+9.02390128868584e-07i,0.998511675319839+2.07084373970737e-06i,0.999181700797544+8.58127829191791e-07i,0.997466984406453-4.23958698020905e-06i,0.999589401970079+5.99565694677055e-08i
0.94570036464656-3.3774914922742e-05i,0.970902589674969+5.04900917853686e-05i,0.991248470208605+0.000105072053651177i,0.99674995344655-1.46214208142501e-05i,0.994083885280486-3.49516839726632e-05i,0.995455350428735-4.15150048960429e-06i,0.997678904949602-2.10388326386203e-08i,0.991653949956502-3.74192313986891e-05i,0.999678109231473+1.65051841619887e-10i,0.999550339688435+6.0149341121557e-09i,0.99865145479024+3.47252816982045e-07i,0.999025241775159+2.14241241668049e-07i,0.99713054675749-1.91581084356632e-06i,0.99994112699853-5.78311536326933e-12i
0.947458149468528+1.67900426765781e-05i,0.992605324811062-1.71505387499917e-05i,0.995412031096141+1.03542141834873e-05i,0.983052486875903+2.94698863719821e-05i,0.996559543028658-1.02536063341031e-05i,0.994877804091266+8.03722005210946e-06i,0.997126285526921-3.20033136805624e-07i,0.989099578368649-4.09664753113245e-05i,0.99947459545615-5.00944102382106e-07i,0.999298861175785+1.10785641413351e-06i,0.998056021894692+1.49315987821962e-06i,0.998779152410166+9.70112325774851e-07i,0.996554680365645-2.23328318819986e-06i,0.999539280408119+7.7066617651556e-08i
0.936663312149678-2.21628229601232e-05i,0.990782794616212+0.000108351301519861i,0.992443651398752+5.50115584372587e-05i,0.993514900936011-2.62416560475684e-05i,0.994441018285568-1.6629906999725e-05i,0.994715007538568-1.69878957133288e-06i,0.996605487393009-1.96387321595913e-08i,0.990738060733209-2.30177646857421e-05i,0.999515865083023+9.40675555050409e-08i,0.999345044299689-1.84576514549468e-08i,0.998173139810692+2.79999428098622e-07i,0.998557405550756+2.23118153779628e-07i,0.996152801905881-1.19107532520924e-06i,0.999908562022084+1.26654520416466e-09i
0.939038452214558-2.08131743718927e-05i,0.995546434392489+1.33117166863057e-05i,0.994694260798667-1.19839982530343e-05i,0.995632240777887-2.1033608582242e-05i,0.998476781874186+2.73991057898277e-07i,0.994559008048868+1.63088729890665e-05i,0.995939806615888-1.91555352149613e-07i,0.989885081833234+1.17752923789547e-05i,0.999332610800062-6.54532874000874e-08i,0.999123243359993+6.98483723901498e-07i,0.997671487032003+6.22873848836322e-07i,0.998265581131961+4.98749087435108e-07i,0.995587029496193+1.27819784716488e-06i,0.999639308393973+6.1109615381679e-08i
0.933960976380954-9.51034914233124e-06i,0.987900295975258-0.000158812299248551i,0.99450466914698-4.03333738332567e-06i,0.99500103400183-3.5020781575255e-06i,0.997361057735617-1.72394481597983e-06i,0.994387828010666+7.05060885852125e-06i,0.995249578228879-9.80710417747865e-09i,0.990557109706218+2.93471745681805e-06i,0.999286535456458+2.92134064053405e-07i,0.99906946383698-5.56308697068529e-10i,0.997569627913309+3.69762773580068e-07i,0.997955056249446+8.33926718987318e-08i,0.9950889143339+1.23123011959327e-07i,0.999822165517945+1.46528197294289e-08i
0.921661800793185-3.53491419560047e-05i,0.992500598933479-5.15809176699912e-05i,0.993487938666909-6.40072173692963e-06i,0.986373665711958+0.000145502755173244i,0.995741947338134+3.45687673342159e-06i,0.994108078881969+8.18921871508252e-06i,0.994456938669234-2.8339850831883e-08i,0.990509271273204+6.34964963166901e-06i,0.999143555798279+3.14092984669568e-07i,0.998903173782008+8.25325778053348e-08i,0.997215337970709+6.46356297206375e-07i,0.997592526113249+8.75036847853345e-08i,0.994527531614415+1.27403654554482e-06i,0.999758380094543+2.64156879802575e-08i
0.918938066990842+6.47443351201731e-08i,0.969157846460518-0.000272423852348027i,0.996130347056517-1.40266837201188e-05i,0.995785483807821+5.43114756049845e-06i,0.998633006899328+7.91632469449973e-07i,0.993746259682964+8.07323967848369e-06i,0.993581465281317-1.13950282913594e-07i,0.990175358242691-1.49802151962438e-06i,0.998965241942635+1.59564672920424e-07i,0.998699446746899+4.07472615916266e-07i,0.996777955891908+1.38824112844771e-06i,0.997184289604821+2.45488084142539e-07i,0.993943786596213-2.08707017411436e-08i,0.999632231307502+5.75874820982939e-08i
0.898068896133068-3.51194945356737e-05i,0.991344039548861+7.5603859805972e-05i,0.986605404518336+1.08592586268716e-05i,0.97380057148695+0.000248012371100707i,0.990149652677621+1.89579022154379e-07i,0.993243084800987-7.88321375872051e-06i,0.992645942177782-4.75094345649762e-08i,0.990118743513603-4.74557412498293e-05i,0.998859854508442+2.26919475476262e-07i,0.998588115066425-9.40342853253331e-08i,0.996558497141382+4.21275590544265e-07i,0.996725238404977+3.84139211491281e-07i,0.993383030334487-1.81216886466368e-06i,0.999779927278088+4.1158873520722e-09i
0.893325633649114-5.08010845416431e-06i,0.98029303481506+4.21137324811824e-05i,0.996314256077843-9.81150349893001e-07i,0.990044056437106-4.91423734278057e-05i,0.997574574993059-4.59951754461235e-06i,0.992783574237441+1.05757037936907e-05i,0.991601950215938-3.13224746489414e-07i,0.990019733387819-1.23675833458724e-05i,0.998565134337185-2.78063583773556e-07i,0.998259541764683+1.08522371092832e-06i,0.995844353085699+1.72714805426371e-06i,0.996229135955825+6.82241685582776e-07i,0.992788602050656-3.43572121966063e-08i,0.999408167040824+1.18347254987307e-07i
0.879476046505735-1.92911786141216e-05i,0.988211228135399+0.000225338888599548i,0.984687077131341+1.92914868870203e-05i,0.98090308838361+7.96945241862968e-05i,0.987754843383748-5.54347940458796e-06i,0.992582133776104-1.7509218912369e-05i,0.990519231407977-1.93458552853492e-07i,0.99001090270797-6.73441408920959e-05i,0.998475737629269+2.55593941671618e-09i,0.998182578720931+8.17034416187477e-08i,0.995702109751644+1.71057623602011e-07i,0.995664188826739+9.51723662497053e-07i,0.992260860871647-3.10257440596481e-06i,0.999718907968942+1.81094228423093e-10i
0.876288164705262-2.55276814432565e-05i,0.989336840849499+3.33973389475558e-05i,0.995881337157524-6.48033017462879e-06i,0.985961372518492-6.78160098545395e-05i,0.999017591685542-4.35223844000174e-07i,0.992209457614743+1.20721101510795e-05i,0.989336647219657-3.61851359804861e-07i,0.991148465430746-7.40238021846209e-07i,0.998122080869797-4.48379615444885e-07i,0.997805005931902+1.23373131085728e-06i,0.994881903048101+2.45146475878111e-06i,0.995087418756099+6.99154957208642e-07i,0.991744196338959+1.08745820254177e-06i,0.999293300760024+1.46679062620816e-07i
0.870657569664912+3.78626869585814e-06i,0.98740743133202-3.36787497621494e-05i,0.990304858240644+1.87192205372263e-05i,0.994946308186117-3.40050190433462e-05i,0.990218991331483+2.28224195029166e-07i,0.992585828634091-1.46142482599489e-05i,0.988108849161435-2.07601862741744e-07i,0.991394540695414-3.36756264718701e-05i,0.997997583637284+1.00397662053408e-07i,0.997708606958842-7.83705150353766e-09i,0.994686316675741-1.86226484648506e-08i,0.994417261555768+8.54365748517718e-07i,0.991285720234959-1.48613703791328e-06i,0.999630204633558+9.98402566085251e-10i
0.865406104093668-2.49007258926608e-05i,0.979969752094626-0.000302337727456135i,0.99429145401445-1.47031275445646e-05i,0.990789780975496+1.1569841009155e-05i,0.997562031952812+6.46086819766106e-07i,0.992267003828986+7.05201290977383e-06i,0.98680245337147-1.56511276957373e-07i,0.993033614744561+1.18868864196011e-05i,0.997635902618702-1.34289024341321e-07i,0.997348387727736+4.77359265689555e-07i,0.993900527967109+2.02202870678508e-06i,0.993741031415145+1.24140892932456e-07i,0.990878142970182+1.24028402316551e-06i,0.999322328935254+1.10333242334878e-07i
0.862093440127985+1.1107138132003e-05i,0.99353276441941-6.04712893688417e-05i,0.994344655856809+6.37649797233427e-06i,0.990270282902368+0.000147488507797367i,0.996085040186678-1.94774579940671e-07i,0.992622674384064-3.92736012094174e-06i,0.985434320587977-6.35960064051105e-08i,0.993433387403755-1.3230991722918e-06i,0.997405196014464+2.64747787918419e-07i,0.99715548480027-3.2985560351447e-07i,0.993473626481032-1.02904384805552e-07i,0.992966285773414+1.39838140208875e-07i,0.990499352401068-6.93518444939034e-08i,0.999486072357297+1.84009774887581e-08i
0.843471302759191+1.0557712573564e-06i,0.985423806275791-0.000298380463112353i,0.993955237350563+8.98643903031358e-06i,0.994850656548651+1.24797613014112e-05i,0.992216803452854+1.10254731418239e-07i,0.992350904259963+3.08970743041351e-06i,0.984002263163779-1.75751481712555e-08i,0.99379279867726+3.01514639540664e-06i,0.997055601164731+1.89954129164163e-07i,0.996840482218729-3.32681170918335e-07i,0.992772602013781-2.81693466335052e-07i,0.992153309452653-1.19912393354668e-07i,0.990175272779085-1.27762026855164e-07i,0.999372722681636+4.36109132658001e-08i
0.846170756141134+3.19715138733439e-06i,0.98199619392402+0.000348522053484203i,0.996316597247391-3.9035237235114e-07i,0.973687974953768+0.000225972185795271i,0.998430657405275+1.29509667376965e-06i,0.99177044796558+7.85755252523495e-06i,0.982511788548911-3.29149662042065e-08i,0.994563258840589+2.28087859990078e-06i,0.996670711297474-4.83710245603637e-08i,0.996502480177433-1.34124865285617e-07i,0.992008253592411+4.24462956386676e-07i,0.991276513501109-2.48592458047409e-07i,0.989885456614804-5.08891506803169e-08i,0.999233641537427+8.36251426704069e-08i
0.815483697072443+3.29467054903853e-05i,0.994318246345367-3.33306468735294e-05i,0.991706396593292+6.22102340191056e-05i,0.989993742859767-8.15642936305764e-05i,0.986557549884917-1.09151561767579e-07i,0.991956552304325-6.4236808779198e-06i,0.980959752440147-2.83841546176447e-07i,0.992858440988921-5.41174088209617e-06i,0.996330394910725+1.54182203669648e-07i,0.996234904609742-2.31259003579332e-07i,0.991389151790931-9.97875952220301e-07i,0.990302588095415+6.29127597110435e-07i,0.989627956560233-4.27051380801807e-07i,0.999323459725309+5.13156298804965e-09i
0.826589438871944+8.06903959276944e-06i,0.96808120626688+0.000245966737886447i,0.996478763883077+6.8961113201981e-06i,0.972826966094398-5.0380006850102e-05i,0.99817631592597-3.79617425379955e-07i,0.9901938673785+1.36004077937516e-05i,0.979384148280191-1.96564537416334e-07i,0.994748749978704-2.40985718529461e-06i,0.99580144486241-6.92543053726455e-07i,0.995774087089228+6.37491044569947e-07i,0.990343267771449+2.09390904776466e-06i,0.989328808114729-4.60524170045499e-08i,0.98946645053229-3.05664462448555e-07i,0.99893146062374+1.78341986182032e-07i
0.801381791376091+6.09822981813069e-05i,0.989051149813086+5.13796747370463e-05i,0.989574711899007+8.34836540100901e-05i,0.986068821557353-4.13032626596996e-05i,0.986263557166935-6.58461205963333e-06i,0.991291941952685-1.18238551300266e-05i,0.977740853403194-7.2624025333099e-07i,0.991927401968643+9.71040633373567e-08i,0.995449647235834+6.95156716926104e-09i,0.995539292215242+3.43670075393117e-07i,0.989771498985651-1.06637628087565e-06i,0.988200480876683+1.52479519106802e-06i,0.989304127034227+1.01502773948721e-06i,0.999181830679554+1.24686500786035e-09i
0.808491434855123+2.35264820246882e-05i,0.985240965964049-6.32733752467215e-05i,0.996265869950663+4.10541153971571e-06i,0.987195663816597-0.000145636327262117i,0.999117427361012+2.78785057854485e-07i,0.98896156136314+1.44319527438739e-05i,0.976119552004941-2.4632549639707e-07i,0.994986577677792+8.14791000746907e-07i,0.994829834397977-9.71219483187114e-07i,0.995029162778442+9.04612128699047e-07i,0.988608085066536+2.58793857964891e-06i,0.98712299735717-2.8709524646158e-08i,0.989310777572101-5.84247470428709e-07i,0.998720413421153+2.20728046808014e-07i
0.798645732647168+6.50679225669305e-05i,0.988220203834793-3.15443963198536e-05i,0.994507351977714+3.75655755682045e-05i,0.990345031782773+7.06986282917397e-05i,0.990818230638953-1.08752512803388e-06i,0.990585226014927-5.44003316524193e-06i,0.974427352043197-7.76972800707203e-07i,0.99256223718903+3.82857249326579e-06i,0.994418373182055+3.76914949188202e-08i,0.994783166414761+2.22708379034429e-07i,0.9879888083108-1.30755730387307e-06i,0.985864699043588+1.29529154332384e-06i,0.989282655211396+1.56962509064345e-06i,0.999004992205542+9.3387905819278e-10i
0.793020214603006+2.46476239024569e-05i,0.990698752047066+0.0001497802815292i,0.996367615343205-6.55660201505223e-06i,0.989481770613313+6.99959722809193e-05i,0.997624233904112+2.61380964987026e-06i,0.988580981876317+1.64827661609187e-05i,0.972780043068129-5.32184438625809e-08i,0.995126471070782+7.64244929111146e-06i,0.993757994611576-6.37769803301254e-07i,0.994290535468591+1.05540047469972e-07i,0.986847130218782+7.44935572329428e-07i,0.984652933698361-4.76453408825783e-07i,0.989436476387093-8.8823443746951e-07i,0.998646301859558+1.61483537412035e-07i
0.790325530796887+3.78530328801517e-05i,0.99405858422231-1.28486401917218e-05i,0.996919822372789-3.36562903273144e-08i,0.992564054378121+1.59662041119725e-05i,0.997454538232124+1.23189438913618e-06i,0.989394177794065+5.09494701240512e-06i,0.971080981401888-3.59122057792075e-07i,0.994093469250141+2.93066490535116e-06i,0.993218606809864+2.96860802144365e-08i,0.993965602344719-5.03180716864085e-07i,0.986037746970772-1.34834761360124e-06i,0.983285948258872+1.38036661455381e-07i,0.989547365431621+2.59413728494901e-07i,0.998772836652804+1.66069213913822e-08i
0.778209993040069+2.78762086491441e-05i,0.968330890677439+0.000298569718688599i,0.996331878143987+4.78119927486812e-06i,0.975607588785357+1.03553927442355e-05i,0.993778675307654+4.10064270049957e-06i,0.988416369141669+1.22391801620266e-05i,0.969412097695623-8.56614090542858e-08i,0.993933649013416+7.74637455018302e-06i,0.992539246656881-1.550470713922e-07i,0.993520237072386-6.59832038365314e-07i,0.984971271429563-1.05221936947149e-06i,0.981900507522199-4.17179165587636e-07i,0.989764956238995-1.29945093817194e-07i,0.998597116211066+5.86263515064058e-08i
0.774002878422609+8.0542512345817e-06i,0.994122358202633+3.48629759561314e-05i,0.993214756051958+1.86360638207713e-05i,0.986589236600152-0.000108893237172586i,0.998283808248762-7.52871087465879e-07i,0.987245329654755+1.79000759647294e-05i,0.967748102245148-1.22242274751322e-08i,0.994892311821206+3.03733429824869e-06i,0.991823393477355-3.2227404562099e-07i,0.993071266147452-5.21830161653836e-07i,0.983880090157308-9.32200897763704e-07i,0.980436479145304-5.92722271985251e-07i,0.989996733469636-9.89167119549107e-07i,0.998431142463434+9.81487713279639e-08i
0.762252629649381+5.49663176178193e-05i,0.97489306127424-6.04177657376051e-05i,0.996642758858283+2.18009222688278e-05i,0.971880084297822-0.000185133371929381i,0.9908028224899+2.47290092311509e-06i,0.987675603148995+5.19602570776089e-06i,0.966074671757174-7.65335220133068e-07i,0.991462316527578-8.39515701321049e-06i,0.991123849649976+3.55861917697934e-08i,0.992678115071359-2.15155630912952e-07i,0.982892257626455-1.94743070118445e-06i,0.978861822817065+8.30805741053164e-07i,0.990203959937289+1.6723901151112e-06i,0.998449715016176+4.38458010938749e-09i
0.758372436473677-3.37848578027727e-06i,0.985639061101509+1.19657351112868e-05i,0.990950387391239+4.46097690060309e-05i,0.982780716495058-3.61495452543515e-05i,0.997282590903392-4.76790243846907e-06i,0.984657532212458+2.46873928917433e-05i,0.96448966280303-4.3547002813011e-08i,0.994707038270526+3.54932963011492e-06i,0.990237768328475-8.17085267378605e-07i,0.992124843044952+4.66641116761981e-07i,0.98156396870198-6.06373329339529e-07i,0.977303833994665-4.14480977462551e-07i,0.990548737816388-1.08052771573604e-06i,0.99802803832867+2.25571760796665e-07i
0.74715391062853+8.31635607470966e-05i,0.994711773394793-4.60005677654403e-05i,0.994386538400141+1.07260873575752e-05i,0.985282663849183-8.4512613869992e-05i,0.99187463114041-6.8981691320099e-06i,0.986332018692065+1.20350627409823e-06i,0.962857394542265-1.6119896828905e-06i,0.989734622542787-2.46750414153892e-05i,0.989499718636029+8.27642485532803e-09i,0.991774976193989+7.31625937031684e-07i,0.980635511376509-2.00532300903798e-06i,0.975562314215954+2.24897360746824e-06i,0.990737298822511+2.62774519855577e-06i,0.998204233157062+4.65094137210683e-09i
0.746430444108857-8.23179382168296e-06i,0.980430918676143-7.61878865918688e-06i,0.99106838739033+2.97230102464703e-05i,0.986720723199356+8.4281562565832e-05i,0.998139378162535-5.47504535066472e-06i,0.982799538858782+2.9403784116604e-05i,0.961384421368719-1.01533999151715e-07i,0.994364665845988+5.20719554230554e-06i,0.988493234323434-9.58867159434287e-07i,0.991186701703691+1.04460626326943e-06i,0.979214710787823-2.50968009714612e-06i,0.97389922323641-1.77491018839878e-07i,0.991179545413352-7.81369774179382e-07i,0.997700612195976+2.84195975797243e-07i
0.737287605022469+8.02175535661214e-05i,0.983413240704955+0.0003147536792876i,0.994129185860523-4.18802709957373e-06i,0.990426499593398-9.9992194183975e-05i,0.995580442781778-1.36927023101288e-06i,0.984728877761858+2.55694644959684e-06i,0.959854416021852-1.67895948395174e-06i,0.990249342764471-1.2621476631915e-05i,0.987672993254766+1.98771544634254e-08i,0.990845441845476+6.35601526276664e-07i,0.978276681237255-2.49574556380189e-06i,0.972032164786325+2.31185583701253e-06i,0.991385764792707+2.05720034284894e-06i,0.997919510713144+3.41945769039288e-09i
0.73612815620558-7.00430700721836e-06i,0.990556538335949+2.205398585718e-05i,0.993547828298147-2.67561226103212e-06i,0.9898247038704-1.76082103443579e-05i,0.998708333189432-1.75087846453259e-07i,0.982060451855965+2.95091052180662e-05i,0.958501101210217+3.85540568532134e-08i,0.993742654934298+5.24408578503256e-06i,0.98659639110869-6.06863987089578e-07i,0.990286173723322+3.200939736839e-07i,0.9768937326211-4.27663395419398e-06i,0.970235340660135-2.93766798575384e-07i,0.991850009798965-5.46954995948327e-07i,0.99750500867947+2.03776990215531e-07i
0.728952060329841+3.61075904915188e-05i,0.977166861859753+0.000144373511601719i,0.994978405340383-1.68560244236785e-07i,0.977486534405004-0.000368408439103097i,0.998615579209205-1.11611212548593e-06i,0.982813666217556+9.59040874520411e-06i,0.957127963058149-8.59349085082059e-07i,0.991956340857075+1.59350305644194e-05i,0.985630380594436+3.50647864429277e-08i,0.989894114584751-3.1011730986921e-07i,0.975829315493528-3.26024327744777e-06i,0.968275848441395+1.10348228255406e-06i,0.992099889193688+1.24305326029989e-06i,0.997583593552006+9.20000468165897e-09i
0.725430884696348+1.26281359198433e-05i,0.990431050986806-9.47163890616921e-05i,0.995891979421117-1.06099911061707e-05i,0.988111284424422-0.000101713426096552i,0.997650155518538+7.14572757990251e-06i,0.981546311679889+1.62027512411038e-05i,0.955886439920706-1.76135863756198e-07i,0.991759415821844-1.16166233580419e-05i,0.984507526209722-1.32133265169435e-07i,0.98939170610695-5.12492027481408e-07i,0.974541413261658-3.96411335557941e-06i,0.96631600339898+1.88754496634599e-07i,0.99245673995838-1.0166988186224e-07i,0.997341221990974+6.63596721376401e-08i
0.713840984818686-1.97139771235765e-05i,0.990797025432056-7.47673393018287e-05i,0.989451737481177+1.02440653768275e-05i,0.969293282849999-0.000265475241389168i,0.995101899038636-1.51869082197023e-05i,0.980364311869309+1.31027210844747e-05i,0.954711005081148-6.79550269579618e-08i,0.992712892677484+2.26573112426758e-05i,0.98334836124609-1.97590320868686e-07i,0.988905125913741-3.6351722631819e-07i,0.973272140387303-4.13238780952217e-06i,0.964279934777315+1.0026245635451e-07i,0.992752625379211+8.60062416223994e-07i,0.997142534280001+9.51901482275669e-08i
0.713023048023193+5.15401988662436e-05i,0.970403468053234-0.000255765418264752i,0.997026301728941-3.12571844186453e-06i,0.987908402607187+2.41023027275621e-05i,0.996941165379479+3.48297930173361e-06i,0.980248404778173+4.07104054368863e-08i,0.953587949956837-1.23935970260414e-06i,0.988550686626161-3.32959527030896e-05i,0.982180452003435+6.41155683256072e-08i,0.988463181584442-5.35046675235598e-08i,0.972092903876665-3.39412867841308e-06i,0.962154876174376+1.9492647474773e-06i,0.992907678107754+9.31156994307072e-07i,0.997086177737076+1.15218667650727e-09i
0.696534374196012-4.08705926194922e-05i,0.992185779339234+0.000132051811742435i,0.986383625700227+1.12502979863415e-05i,0.978006841675019+4.82325630747991e-05i,0.992539305096662-2.8398120648318e-05i,0.977735745726535+2.13406655221468e-05i,0.952638022525761+7.85136629890516e-08i,0.991900023206756+7.32944168238761e-06i,0.980831342752118-6.79945507769995e-07i,0.987895478649981+9.1750644134366e-07i,0.97066115943173-6.60340008201553e-06i,0.960045887775419+2.47230703882573e-08i,0.993245012897469+5.6934916275507e-07i,0.996634542113907+2.4813717333214e-07i
0.700444345511741+8.88149945039055e-05i,0.974284337637926-0.000178846745363564i,0.996628328404-1.66480187562708e-07i,0.990710830413423+7.63459596779926e-05i,0.996941970474013-6.14004255475691e-06i,0.978189951753211-1.08346817706169e-05i,0.951670657192937-2.43664811205486e-06i,0.986061330063509-1.44617456719916e-05i,0.979602920968156+1.38173669777913e-08i,0.987506507343374+9.7442779001361e-07i,0.969588293140869-3.20358621416619e-06i,0.957788478493685+3.79187624823439e-06i,0.993215963373631+3.1613427673763e-06i,0.996733378214583+1.25760585027272e-08i
0.688920028522596-2.19348146512274e-05i,0.988576692076834+0.000230787688046148i,0.990043810530985+7.82189744952991e-06i,0.985124028021665-0.000150899724840138i,0.99384929210418-1.33637061967119e-05i,0.975662323218995+3.00798006817035e-05i,0.950953632558499+6.63221708109505e-09i,0.990380538972136+4.72522817891471e-06i,0.978110191566536-9.86768462316941e-07i,0.986917612700409+1.81375320470103e-06i,0.968128137213323-8.11137532979173e-06i,0.955600236613414+1.64092972430904e-07i,0.993567504183612+4.92490033272837e-07i,0.996191471370472+3.23616449926589e-07i
0.688752581269321+8.21043378607897e-05i,0.990321156882967+3.15193240714453e-05i,0.994516504039014-9.07620649625416e-06i,0.991559661972023-1.70542273458058e-05i,0.997080407210985+3.78488740122277e-06i,0.976001282717855-1.23137015483738e-05i,0.950194189656953-2.46267185681626e-06i,0.985650647236404+3.82953590063442e-05i,0.976782370771006+2.33506608514945e-08i,0.986552136222545+9.04408797850083e-07i,0.967117292866938-3.05733271506807e-06i,0.953256396675426+3.87302787169359e-06i,0.993458352213314+6.02120308059359e-06i,0.996342522153311+1.2243368939418e-08i
0.687756627746373+9.32458633602882e-08i,0.992642831940049+5.35202784608523e-05i,0.994280617016387+8.24161496768291e-07i,0.97820836419805-0.00044194534338952i,0.99665691807989+4.89483369891557e-07i,0.974219903480842+2.61088246950456e-05i,0.949689772955828+1.45732035132314e-07i,0.988470393398202+1.09790918275683e-05i,0.975195905762799-7.39515999807884e-07i,0.985997870405541+1.10516799177512e-06i,0.965750377391828-7.87675856910658e-06i,0.950973629251446+5.11174491170883e-08i,0.993734601034713+5.92759993766419e-07i,0.995878548518837+2.27313723594689e-07i
0.675621888754055+2.3711291579737e-05i,0.973941070340957+1.46205729833132e-05i,0.99506275240276-2.3572771605417e-05i,0.990300260711217-1.97228947905309e-05i,0.994748644139374+1.09022693429014e-05i,0.973837967194408-2.17339621405679e-06i,0.9491792241144-1.21112347690552e-06i,0.986235524257925+5.64656268426857e-05i,0.97371050607967+8.68850945606489e-08i,0.985601371078726-2.76138164978536e-08i,0.964705965699011-3.81566929397258e-06i,0.94857559218491+2.14759891138847e-06i,0.993646631383713+6.79639698374359e-06i,0.995909830329645-1.05619019817542e-09i
0.679169974694412+1.16394607510564e-05i,0.994650457883207-4.67804184860056e-06i,0.997025223268829-4.33765483409986e-06i,0.971204491209994-0.000102188283469i,0.9978587460069+4.20119769651304e-07i,0.972588467354433+1.46421193595904e-05i,0.948853216171454-7.67197679841471e-08i,0.985624569329783+9.19234394781785e-07i,0.97205651668616-1.74739201002505e-07i,0.985103091410883-3.26905704451057e-08i,0.963485445246803-6.91032194089815e-06i,0.946186791523151+5.0759875292485e-07i,0.993718323195925+6.19814598340174e-07i,0.995608629821026+6.23503909880278e-08i
0.661841959655828-1.37444177958517e-05i,0.964341211580916-8.00241696143607e-05i,0.993506442633043-9.05206491515389e-06i,0.989944255954158+4.88185152750328e-05i,0.988184057104558+1.08565946500812e-05i,0.971373325556611+1.74532303775535e-05i,0.948610203433182-8.32112106056178e-09i,0.985870021995891+1.83783984161102e-05i,0.970368420202024-2.10280934288298e-07i,0.984630524006271+6.05705233189901e-08i,0.962329711659624-7.07840015357764e-06i,0.94374752192656+3.84993862877833e-07i,0.993702754241598+4.14228147030812e-06i,0.995382888867592+7.30638022041126e-08i
0.663165572546053+3.95509771576975e-05i,0.994320240262876-6.6631350661859e-06i,0.996939073414077+1.51395360764687e-05i,0.976878674097365+0.000263060728604496i,0.998549022528653-1.56739202443878e-06i,0.970126940581024-3.74629127168221e-06i,0.948444585582452-1.27834079060271e-06i,0.982256824912871-1.12112965847087e-05i,0.968650992311106+1.12285550697657e-07i,0.984186948959835+2.21071088681679e-08i,0.961263215151018-4.44697340540003e-06i,0.941263490789158+2.13005472011006e-06i,0.993507166880831+1.87364776693346e-06i,0.995260556357839-4.86166273044704e-09i
0.651534082517288+2.37105784605808e-05i,0.982597443650987-9.21295929506965e-06i,0.990435931640884+2.69793122868363e-05i,0.989820690410356+2.72174536538471e-05i,0.986220994599086+2.77452011669435e-06i,0.96863683968255+3.60215083520637e-05i,0.948466990901416+2.22185564493399e-07i,0.984367419271059-1.59340544910069e-05i,0.96676129660258-9.48259816590039e-07i,0.983643075977287+1.60508505401044e-06i,0.960015151292689-1.15680284101459e-05i,0.938787629056921-2.36756154348596e-07i,0.99357464197028+9.66881430249464e-07i,0.994790409946241+2.38929171897973e-07i
0.650286549651985+7.28224187668619e-05i,0.992551653279455-9.80607609638497e-06i,0.996244390244035+3.0273423122935e-05i,0.985366602361319-4.58025217094974e-05i,0.997469898475586+1.25873638012378e-06i,0.96723793812333-1.62067388571502e-05i,0.948474953601476-2.63743317085316e-06i,0.980223934050346-3.80824923166323e-06i,0.964968367055601+1.79110606838311e-08i,0.983245504872864+7.88877876356217e-07i,0.959088986955561-2.22848639624361e-06i,0.936243272026159+3.67867966603099e-06i,0.993193213006878+5.26894016196446e-06i,0.994821613987097+2.73977543622981e-08i
0.644313596658067+8.42367794720145e-05i,0.981214721614593+7.62695765263698e-05i,0.994170330663225+3.35630085627974e-05i,0.989451315990701-3.7385897699946e-06i,0.989947359786755-5.0527137889989e-07i,0.966119695210308+4.30952370953594e-05i,0.948738269548808+6.17455906596549e-08i,0.983113577666129-1.15228318620121e-05i,0.96292027010307-1.41493294408068e-06i,0.982678875067432+2.69040046950602e-06i,0.957850259382746-1.44475743254147e-05i,0.933734776156109-3.08595882095213e-07i,0.993315376566823+4.2637333891328e-08i,0.994257442502793+3.29618505974101e-07i
0.639864848800192+6.130188328913e-05i,0.992432082215927+3.43227764069591e-05i,0.995480060152914+1.02258976437471e-05i,0.983250201700263-0.000316117233921762i,0.996291250414997+3.54489274937899e-06i,0.964749599543407-1.16628373084917e-05i,0.948947962589235-2.5924020771508e-06i,0.980637111758557+8.19938408041932e-06i,0.961018348803092+1.08065816130298e-08i,0.982301474981592+7.10878480493109e-07i,0.957013870663038-1.73654534724433e-06i,0.931168370067542+3.3250843169765e-06i,0.992917147824877+7.70346398926953e-06i,0.994351256608256+3.18131775498618e-08i
0.636982942496772+8.5603498851344e-05i,0.971042346861856+0.000127152813347654i,0.997297164823404+3.99738444430107e-06i,0.990952522005198+3.27483363874896e-05i,0.995395379858299-4.01522394950325e-06i,0.963972850500159+3.82726491192926e-05i,0.949403808478599+2.64366035557422e-07i,0.982746775984259+6.61301343232506e-08i,0.958861539193219-9.62763151065527e-07i,0.98175833035761+1.87945082924532e-06i,0.955879881343804-1.35050665339018e-05i,0.928631205548507-5.95874705894263e-07i,0.993004273653729+9.31653811700158e-08i,0.993856516842104+2.24979806700695e-07i
0.625195216654773+3.49592438232804e-05i,0.993063364344154-3.41057830279098e-05i,0.99569523796846-5.56779411544709e-06i,0.97462773289132+3.77742525993242e-05i,0.99250774063598-1.87952120844571e-06i,0.962748028403001+1.85707538581358e-06i,0.949831019356357-1.05503014629077e-06i,0.982252895966005+4.46044245419365e-06i,0.956798873415116+2.01816395251639e-07i,0.981351429929239-5.5294918162369e-08i,0.955042792059469-3.80673744265647e-06i,0.926064016702808+1.21526333326097e-06i,0.992717988148558+5.68835495144779e-06i,0.993853355916108-9.16456790364361e-09i
0.628319718397576+4.52993223653217e-05i,0.982124636482034+9.68855303623261e-05i,0.995206748974291-8.28238429055487e-06i,0.993479610674989+3.13339764667417e-05i,0.998150091368754-5.945557793448e-07i,0.961728276814113+2.03061139564708e-05i,0.950422068940284+2.88521992031589e-07i,0.98253894022752-5.78094173438095e-06i,0.954562423298812-5.73259629224801e-08i,0.980846148290432+3.05291647675867e-07i,0.954050090356814-8.81527294863625e-06i,0.923506528278741-5.67884954886359e-07i,0.992648426513737-4.6770407293997e-08i,0.993513513586113+4.35835383537004e-08i
0.609461204134005+4.64251254588979e-05i,0.984707186060062-0.000113776994402411i,0.997174498929462+1.51050137954442e-05i,0.973308854815497+0.000246267918983916i,0.986985207835635-4.4429763872346e-06i,0.960590522435228+2.04823283821645e-05i,0.951058582823874+2.90537394342902e-07i,0.983113705450238-3.29376669027231e-07i,0.952297573376949+3.19033518000521e-08i,0.980364686988426+1.87958303343743e-07i,0.953137099676216-8.23404449997296e-06i,0.920944166208587-5.81080437433292e-07i,0.992503731525924+1.49962127672215e-06i,0.993277837692322+3.45279685742149e-08i
0.615585434858225+3.62607605408061e-05i,0.985677674228113-2.28455217287461e-06i,0.992217314071672+8.23191629841268e-06i,0.993898262825008+7.89087388627759e-06i,0.998967416008243-5.67824413517778e-08i,0.959076811263095+1.75003046697531e-06i,0.951745822751703-7.09128013172524e-07i,0.982181294766037-1.8784716309308e-05i,0.949989161789652+2.95330151591708e-07i,0.979891287313138-1.89326216802237e-07i,0.95228717927748-3.96080454234179e-06i,0.918386830025211+4.52138318449258e-07i,0.992227549436283+9.75138268250242e-07i,0.993110604653815-1.37595565869143e-08i
0.598747396972107+9.7627385173044e-05i,0.983613057761837+3.16356012586964e-05i,0.994732936389877+3.07348054383238e-05i,0.980776218936985-2.28534986493292e-05i,0.987133752021514-4.87987888904854e-06i,0.95796923354584+3.75661145203446e-05i,0.95256333630507+3.02776238381184e-07i,0.983101211261341+6.64727802469875e-06i,0.947522233098709-6.77113849557637e-07i,0.979333140025407+1.77410143645432e-06i,0.951305274044883-1.31515276231393e-05i,0.915835305620566-8.29272391164798e-07i,0.992192354475996-2.73436977742487e-07i,0.9926442082059+1.96705334633146e-07i
0.597996366759604+5.11014948875262e-05i,0.980595240252158-6.11958993963125e-05i,0.990579404562036+3.90926736060607e-06i,0.992950770714505+1.86281987896642e-05i,0.99742507565474+2.17479232477129e-07i,0.956426999801961-3.71414847733671e-06i,0.953338619708803-2.00685704218243e-06i,0.982612804601909-2.70844579391075e-05i,0.945133586232662+2.4710860734192e-08i,0.978882204030239+2.61993777718748e-07i,0.950592673662249-1.124631595076e-06i,0.913308130798418+1.58065981545917e-06i,0.991792109809274+2.56864465799664e-06i,0.992629135888694+5.06897044913753e-08i
0.589662409513602+0.000118864137538311i,0.992103841857515+2.69787399608154e-05i,0.993953042292899-2.35076526656804e-06i,0.984032308261731-4.86163166068298e-05i,0.992333417795989+3.4749897967011e-06i,0.955347880081746+4.68923262370206e-05i,0.954292253034171-1.6854698543753e-07i,0.983605875561613+9.55306479083467e-06i,0.942504901652217-1.09936404576922e-06i,0.978285915003088+2.82123733488793e-06i,0.949626959553069-1.65960864574258e-05i,0.910783257308339-4.96596083866372e-07i,0.99181140504753-5.53441271087003e-09i,0.992069044038756+2.98445764425477e-07i
0.582027953224856+4.7984427249427e-05i,0.987780799846964+1.52309372671307e-05i,0.992057947678437-2.31736416785014e-05i,0.9932874226517+2.31455980309154e-06i,0.997309661723941+4.62491940235804e-06i,0.954293757131031-1.58955598563248e-06i,0.955162230057558-1.94500457215398e-06i,0.984293624441278-2.47444425863745e-05i,0.940007897484133-2.74623372077736e-08i,0.977836207676775+2.36976067007329e-07i,0.949019536885194-6.05135776577238e-07i,0.908310126730584+1.28920836652064e-06i,0.991424760412527+1.75900849395403e-06i,0.99212698375847+6.56865997253932e-08i
0.578015713025255+6.74567780002738e-05i,0.979121709476778-0.000174897432999526i,0.995553764116257-3.24340205679684e-05i,0.976873697286673+0.000118249618520185i,0.997082314503085+4.28106976992995e-06i,0.953200622339188+4.03903998676872e-05i,0.956192573228948+7.24737146711276e-08i,0.985042338035845+2.6926536762806e-06i,0.937266476547082-5.55272415561981e-07i,0.977239456883449+1.92115690104572e-06i,0.948160351724126-1.48423215271708e-05i,0.905834261235139-8.18445790461821e-07i,0.991411089501269-2.92203279752034e-07i,0.991629969678892+1.93629940985157e-07i
0.570348106279882+2.25558588095952e-05i,0.99103685969474+5.4367418646806e-06i,0.994178767086478-2.63883997361008e-05i,0.994117442862857-7.27779702528073e-06i,0.995074990552869+6.9204951499102e-06i,0.952468278819245+2.88931348167526e-06i,0.957153075312396-4.49859599485593e-07i,0.985868166726698-4.2331697506721e-06i,0.93461573403534+3.73317831962287e-07i,0.976748034390906-3.56729330382579e-07i,0.947583370749629-2.2369163629974e-06i,0.903421873894308-2.52703305771961e-07i,0.991104237616673-8.71521891222453e-07i,0.991614661779653-9.44869925940107e-09i
0.564526912147615+1.65035469779568e-05i,0.968369471114566-0.000103587390353301i,0.991531125086142-1.89116230552553e-05i,0.972542522323062+1.00940422193128e-05i,0.998203754029796-2.34292644112855e-06i,0.951339336331557+1.73046790956805e-05i,0.95819907419819+5.52437251294903e-07i,0.98621677909775-5.83707011000286e-06i,0.93179285380735+3.27173135151688e-07i,0.976159327139219+1.76957290167396e-07i,0.946870840549395-8.30967251351783e-06i,0.901018790302278-1.31692870511435e-06i,0.990954952022361-2.75388330094527e-07i,0.991265405495633+8.82614910235448e-09i
0.557401003721987+1.52481581027264e-05i,0.987362174470983-6.38430246824012e-05i,0.996521372849663-8.96566805889295e-06i,0.993241213101819+4.22652476158152e-05i,0.992591433405908+1.15275496005831e-05i,0.950257557547252+8.89178466122232e-06i,0.959225688751131+5.70751976854249e-07i,0.985778927411682+1.86470722714671e-05i,0.92895075127408+4.39488968383634e-07i,0.975583832974698-1.53576497415105e-07i,0.946252195306135-6.50823250573611e-06i,0.898664830152443-1.25404873426966e-06i,0.990696511328723-1.60981893500812e-06i,0.991044813641546-1.43365803040173e-08i
0.549512401141657+2.77741639814983e-05i,0.986545512733362+7.83191129618864e-05i,0.988160901121421+7.08132961067459e-06i,0.981425510574127-8.9025258854439e-05i,0.997426061339516-1.20716159669029e-06i,0.949340860813895+2.59384857911784e-06i,0.960245974067919+7.6017639980442e-08i,0.986326890953248-1.47116615992937e-05i,0.926057047781283+4.94773053278657e-07i,0.97499380535691-5.08465577018889e-07i,0.945686941352166-2.48972725942638e-06i,0.896358397445076-8.81547151205541e-07i,0.990370558310267+1.28152304040722e-06i,0.990861850787647-2.59874280247957e-08i
0.541009682944227+3.23292734453132e-05i,0.990068484681364+3.01700883721614e-06i,0.996888467054292-5.11762324408357e-07i,0.990876590118694-2.21501830452987e-06i,0.994132797830265+9.89137580915559e-06i,0.94748803335292+2.65439088963059e-05i,0.961301392132779-8.5122517226751e-08i,0.984539629841614+2.14847520430224e-05i,0.923022660517653-2.11143485484611e-07i,0.97432796101959+1.19086398168016e-06i,0.945018420584597-1.31915791189351e-05i,0.894069679464733-9.01119936042298e-07i,0.990108807902242-4.09902099220551e-07i,0.990427941585766+1.25740571080558e-07i
0.533398316836113+7.68436848136221e-05i,0.984289542268488-1.02187526969497e-05i,0.989957572497522+2.42911555941304e-05i,0.989628604388246+1.63164681218381e-05i,0.996195203619879+2.26292121005733e-06i,0.947226912637448+4.46862065296631e-06i,0.962282601538058-9.74022274672584e-07i,0.986099099755533-2.02939430805657e-05i,0.920052843212854+5.1509619972943e-08i,0.973727851051783-9.31920197890565e-08i,0.944587600189344+1.507202052141e-07i,0.89188003859833+9.82958328850057e-08i,0.989664175963669+2.12461392113587e-06i,0.990394907357639+8.20036443121025e-08i
0.526105054924566+4.73950758957306e-05i,0.993334913848875+4.1056808461101e-05i,0.994708370223341-4.22796841469103e-06i,0.989270837965558-0.000153939868665104i,0.997575634667556+3.78515032253696e-06i,0.944823366043142+4.50055905485491e-05i,0.963324167968509-1.17623154678548e-06i,0.984053373736939+1.44450438893758e-05i,0.916862942374429-7.63353708036238e-07i,0.973002341019867+2.10131417856789e-06i,0.943924129374852-1.68463048755998e-05i,0.889680203798968-4.23291002740662e-07i,0.989374192760816-2.64955496274884e-07i,0.989870511854238+2.32210805846817e-07i
0.518861261762973+9.88629083287129e-05i,0.963096847497367-0.000183749545131439i,0.994061711139538+2.40718871386665e-05i,0.982165408667755+1.60299528713792e-05i,0.998160106592145+6.51821798206925e-07i,0.945234751998433+5.64696425014328e-06i,0.964265522972912-1.00570954677378e-06i,0.98622397720686-9.65191698430446e-06i,0.913793310039866-5.67071763414789e-08i,0.972377197234238+2.68349636506093e-08i,0.943588027023728+8.31498314886233e-07i,0.8876154542852+1.92337967742202e-07i,0.988891898359092+7.02633937500859e-07i,0.989919451301448+1.148124876206e-07i
0.511852559901607+4.28096993120073e-05i,0.99248654326641-5.74012165719243e-06i,0.996269189233812-1.19500195064924e-05i,0.990499306210044-8.21557200407852e-05i,0.997468657219394-6.22063624450347e-07i,0.942916046652626+3.55476795517851e-05i,0.965248165569849-9.82893914100436e-07i,0.984948090627538+1.42930792125179e-05i,0.910495076882719-4.50916064633598e-07i,0.971623054891368+1.33143080295656e-06i,0.94299358975101-1.41300780205513e-05i,0.885536744315653-9.60253658354701e-07i,0.988543987390642-1.07197024272054e-06i,0.989452781968221+1.34390852016042e-07i
0.507078619473017+6.7384916057237e-05i,0.976807858776062-7.57457635815042e-05i,0.997699137735759+8.06420844235307e-06i,0.972682405988014-0.000127879191316114i,0.998228140590068-3.81605382331526e-06i,0.94317214795688+1.59383311062673e-06i,0.966139778262325+8.48900873088729e-08i,0.985934504178756+1.26873989910464e-05i,0.907286007729993+3.27506461489178e-07i,0.970939298672035-5.01573536612759e-07i,0.942668798684327+7.13160529269252e-09i,0.883590893273974-8.06896123539563e-07i,0.988032654347404-7.25317086861426e-07i,0.989451303193405+2.33153453242672e-09i
0.493887643183257+3.65490472244067e-05i,0.986470739165594+0.000156189215162249i,0.996225862420759-1.72402726486617e-05i,0.993139777983453+9.67025508924799e-05i,0.994485840289106-4.76035043469831e-06i,0.94159413943085+1.38690788285532e-05i,0.96702365516704+9.32686713284462e-08i,0.985962202862876+1.3730252915411e-05i,0.903911884248893+2.44044456801369e-07i,0.970161575183215-1.67776727172175e-07i,0.942178026952536-7.57253502381462e-06i,0.88166206284325-1.70149238443867e-06i,0.987578726261316-5.34777822084968e-07i,0.989124734428783-4.1482341987773e-08i
0.494885484997869+2.59519688602853e-05i,0.993222197144127-1.71944496461446e-07i,0.998308730519261+4.67142318284478e-07i,0.979336837738679-0.000128522195827898i,0.997843726760778+9.0600179477311e-07i,0.940602208720883+8.17678476931827e-06i,0.967841471322458+3.61485445017012e-07i,0.984338754859694+2.87313867811049e-05i,0.900529634718276+3.71646035115865e-07i,0.969383276841617-5.3997308287209e-07i,0.941775264803462-4.43453669337133e-06i,0.879827053022381-1.59887295865904e-06i,0.986992267703539-2.73267464164897e-07i,0.988945898343721-6.62078023453553e-08i
0.475889179832395+5.84151444185616e-05i,0.983019863330624+0.000328054523859957i,0.993414051692961-4.33864670258294e-06i,0.992346993017457-0.000125189335367977i,0.991324780741473-3.83196555471836e-06i,0.940157360372703+3.42615609644786e-06i,0.968604561827591+3.81189728396201e-07i,0.986062633169652+3.38421247231441e-06i,0.897092666967558+3.94942527849089e-07i,0.968572210470118-6.64734308137278e-07i,0.941394121947591-1.43437256588871e-06i,0.878067456844086-1.25832193746954e-06i,0.986417873804544+8.43652344111771e-07i,0.988777882624765-4.29528568782494e-08i
0.479676711282877+2.75393242994628e-05i,0.978342163298691-3.14195134632754e-05i,0.99788013770501+7.10224417893007e-06i,0.989273434908219+1.22184563260767e-05i,0.998450356683254+1.40776927011507e-06i,0.937668056546202+2.7851662255412e-05i,0.969321478467975-1.26683583853307e-06i,0.98237292900166+4.50723309960577e-05i,0.893535682928362-2.72289303883548e-07i,0.967693019427746+4.23255749914543e-07i,0.940885513350029-1.22070741991088e-05i,0.876349508832446-1.46759886340488e-06i,0.985750572316902+9.97652728182201e-07i,0.988404967080931+3.42351685544956e-08i
0.46345001625822+8.95731459028179e-05i,0.990423490554813+0.000157593286533327i,0.995811969056217+9.4768692480011e-06i,0.988311601455222-0.000410011227469026i,0.991255765772092-9.50169309841483e-06i,0.938263182915751+5.89970457515963e-06i,0.969962187231806-2.70257911645484e-07i,0.98573605296992+1.31851105087105e-06i,0.890033348228232+2.84871511566758e-08i,0.96684353906574-9.49576642142955e-08i,0.940598380210623+4.51061522937314e-07i,0.874767397053936+3.14647813364258e-08i,0.985106691024888+9.73739745779941e-07i,0.988382329785196+1.178192207238e-07i
0.461079381577109+4.45916756911105e-05i,0.975084005449474-3.89522597692998e-05i,0.996100301106636+4.23685252356672e-06i,0.98276968446356+3.63686854399445e-05i,0.998175868865728-3.88155274768699e-07i,0.935145735065496+3.72720621003822e-05i,0.970557904300789-3.11325500343032e-06i,0.981943868756374+7.35321229453319e-05i,0.886334951576964-8.28471057500044e-07i,0.965890030993958+1.20166803819031e-06i,0.940034313548828-1.77474462230168e-05i,0.87319082751137-1.22447596156339e-06i,0.984412349735926+1.88375648770744e-06i,0.987923438602498+1.37954814134657e-07i
0.454075691488682+7.1728934665629e-05i,0.985120807945537+6.06791633410211e-05i,0.998686557364716+6.02274705526572e-06i,0.988184733955335-0.000162407509008324i,0.995719377124565-6.03746253884714e-06i,0.936110699825233+9.68054174519863e-06i,0.971080697520225-4.33789123149257e-07i,0.985546214763028+1.5810198863626e-05i,0.882747881566694-1.08587391520581e-07i,0.964996420500041+1.68185189607686e-07i,0.939796824746802+9.33194471425324e-08i,0.87178241907561+5.51071094424213e-07i,0.983752231073073+6.01875980226151e-08i,0.987988634820671+1.7601220745265e-07i
0.442185671184833+2.76641834635794e-05i,0.989510055374726-2.30577035809606e-05i,0.99601581778324-6.69758811023545e-06i,0.97216025543534-4.51034524860158e-05i,0.993407360921518+8.40413455927499e-06i,0.933478350035661+2.69887669435307e-05i,0.97154287293771-2.95969320600154e-06i,0.983314567943682+8.88207332956569e-05i,0.878953056303502-5.83954288383476e-07i,0.963996565018986+6.73412125443505e-07i,0.939254284774095-1.52950414516344e-05i,0.870377972449378-1.54946076993234e-06i,0.983072691662177+2.1423069328573e-06i,0.987581728978966+5.21470621136081e-08i
0.44197715487474+1.26238297420237e-05i,0.97009791938477+0.000216615009971997i,0.99790133348095-1.59784410545666e-06i,0.992146195459921+0.000115723029479343i,0.997939624575888+9.63144401810987e-07i,0.933832104519217+3.74738239110753e-06i,0.971942227426166+1.28209748055244e-07i,0.984753623510364+2.85769061612916e-05i,0.875247558956542+1.65348175613558e-07i,0.963037911284746-3.84802768726489e-07i,0.938990350310901+1.25162350595246e-08i,0.869131218610387-2.2459254453416e-07i,0.98238566833849-3.29262948130602e-07i,0.987616484911286+2.69090991410515e-08i
0.427369838363721-1.04704805914618e-05i,0.990589037653129+6.84947408576864e-05i,0.998681799908732+9.82488486081632e-07i,0.978656306503568-8.92528933592592e-05i,0.988169343556085+9.02025537779665e-06i,0.932187305595571+9.3586344658203e-06i,0.972266599385337-1.1841656713538e-06i,0.984731624621138+6.39262285905065e-05i,0.871389512486531+6.40960920519967e-08i,0.961997134268331-4.51484986029589e-07i,0.938520088581258-6.76555295784957e-06i,0.867921747609046-1.65451378895799e-06i,0.981716542074759+1.27052620188206e-06i,0.987340130888821-1.05631626633644e-07i
0.426882502166298+2.03875152022862e-06i,0.981767696299896+0.000206241437559542i,0.994897723988923-2.25133453884433e-06i,0.990384168146531-0.000183876826266744i,0.9983907554735-2.18624515646543e-07i,0.931287801260241+3.7702454160185e-06i,0.97252763453972-3.53647541933786e-07i,0.982581556024379+3.94889263151114e-05i,0.867536283074478+2.5649221995121e-07i,0.960947661360115-7.28145089615812e-07i,0.938151452464218-3.3015695007037e-06i,0.866827605757936-1.15999735788015e-06i,0.980973953572995+7.77399136458043e-07i,0.987224057250546-1.14977434356765e-07i
0.415700053122338-2.22774857747618e-05i,0.98382008048381+0.000122151100068548i,0.997041811492263+1.25220513443432e-05i,0.991159616650238-6.75956780486668e-05i,0.98497752162282+4.89776888884924e-06i,0.930502132407141+3.43741410028326e-06i,0.972720613347712+2.34487941455071e-09i,0.984800688239243+2.70690158537509e-05i,0.86363036351367+2.69153877928156e-07i,0.959859445570863-6.78254954648366e-07i,0.937769860103176-1.08473936451107e-06i,0.865822436475989-5.54977759630425e-07i,0.980319834748169-5.05205066630784e-07i,0.987095712092973-6.74374201134658e-08i
0.410483931073825+6.53975237520839e-05i,0.990796660118375-8.40627780216555e-05i,0.992309297143946-1.70400673426794e-05i,0.982846483725134-0.000468288879329131i,0.998131876464712-1.4305016708766e-06i,0.928575629530823+1.56139818779181e-05i,0.972833577760002-2.78237234397566e-06i,0.980048918669008+5.88931216759884e-05i,0.859627824092965-1.52937088331084e-07i,0.958716179182753-1.48111617640211e-07i,0.937267075669776-1.19626518277347e-05i,0.864885772894922-1.28442331042801e-06i,0.979561466378569+3.71734624250058e-06i,0.986804728320858-6.80511060259222e-08i
0.402932133505654-6.97629803497664e-06i,0.981892745628971+0.000119762373374684i,0.996175473371969+1.52228711539959e-07i,0.987207490967699+5.57968242927514e-05i,0.98785378084193-2.54241457892444e-06i,0.928262770107151+1.02299856698401e-05i,0.97290911841662-1.43129818699642e-07i,0.98391802484283+1.36808938154291e-05i,0.85567425062369-4.30015831629275e-08i,0.95758150391949+5.70220729852227e-08i,0.93696221498032-1.02967579680437e-06i,0.864082836440148+1.14693279022095e-06i,0.9789746552123-1.60897130061844e-06i,0.986813530148295+1.51081521887498e-07i
